Negative,conservative,@FernandOrlando2,Public health officials are against people gathering for thanksgiving. #endthelockdown
Negative,conservative,@EricAtkinson,This is to Resist properly #resist #endthelockdown  #defendtheconstitution  #freedom  Thank you  @SheriffClarke
Negative,conservative,@EricAtkinson,This is to Resist properly #resist #endthelockdown  #defendtheconstitution  #freedom  Thank you  @SheriffClarke
Negative,conservative,@FightforFreedom53,#china #chinesevirus #chinavirus #wuhanvirus #covid #covid19hoax #endthelockdown #resisttyranny #donotcomply #wedonotconsent
Negative,conservative,@IdahoJoe,Consider this. Richie from Boston tells it like it is about lockdowns and the #covidhoax . #resist  #endthelockdown  #thepowerofno
Negative,conservative,@Casspalmer2002,My Christmas light display this year. ü§£ Merry Christmas you commie socialist douche. #recallgavinnewsom #liberalismisamentaldisorder  #takeyourmaskandshoveit #endthelockdown #fightforfreedom
Negative,conservative,@Casspalmer2002,My Christmas light display this year. ü§£ Merry Christmas you commie socialist douche. #recallgavinnewsom #liberalismisamentaldisorder  #takeyourmaskandshoveit #endthelockdown #fightforfreedom
Negative,conservative,@Amberwheeles,Civil Disobedience Starts Now!! #FIGHTBACK #endthelockdown #fraud #unclesamsmisguidedchildren #newyork #buffalo #patriots #gop #cnnfakenews #truthmatters #proudboys #parlerusa #stopthesteal #trump2020 #kag2020 #wwg1wga #voterfraud #maga #america #election2020 #electionfraud #maga2020 #newuser #maga #KAG #USA #TrumpTrain #OurPresident!!
Negative,conservative,@Amberwheeles,Civil Disobedience Starts Now!! #FIGHTBACK #endthelockdown #fraud #unclesamsmisguidedchildren #newyork #buffalo #patriots #gop #cnnfakenews #truthmatters #proudboys #parlerusa #stopthesteal #trump2020 #kag2020 #wwg1wga #voterfraud #maga #america #election2020 #electionfraud #maga2020 #newuser #maga #KAG #USA #TrumpTrain #OurPresident!!
Negative,conservative,@coloradopatriot13,"BUFFALO NY: Business Owners Stand Up, Fight back and Kick out Sheriff & Health Dept !üôå Chant ‚ÄúWE WILL NOT COMPLY‚Äù  ‚ûñIf every biz owner would do this lockdowns would be over. #FIGHTBACK #endthelockdown #fraud #unclesamsmisguidedchildren #newyork #buffalo #patriots #gop #cnnfakenews #truthmatters #proudboys #parlerusa #stopthesteal #trump2020 #kag2020 #wwg1wga #voterfraud #maga #america #election2020 #electionfraud #maga2020 #newuser #Maga #KAG #USA #TrumpTrain #OurPresident!!üá∫üá∏"
Negative,conservative,@Hollybrowneyes,This is from the cdc a tiny part of the ‚ÄòOperational Considerations for Humanitarian Settings Suggested Prerequisites‚Äô ‚Äú*As stated in the shielding document* High-risk minors should be accompanied into isolation by a single caregiver who will also be considered a green zone resident in terms of movements and contacts with those outside the green zone‚Äù They are talking about camps! I‚Äôm scared!  Read at the CDC link below  #GOP  #sidneypowell #covid19 #endthelockdown #lockdown #MAGA #freedom #FakeNews  @IvankaTrump   @JimJordan   @Devinnunes
Negative,conservative,@JesusChristmyLord,DOCTORS REJECT Any New COVID LOCKDOWNS! BANNED VIDEO ‚Äî Supreme Court: Doctors DENOUNCE LOCKDOWNS! #FREEDOM  #ENDTHELOCKDOWN #LOCKDOWN #NOMORELOCKDOWN #MASKS #MASKSDONTWORK #NOMASKS #COVID19 #COVID19HOAX # COVID #PANDEMIC  #TRUTH #QANON #AMERICAFIRST #REPUBLICAN #GOP #CONSERVATIVE #PATRIOT #JUSTICE #1A #2A #SUPREMECOURT #JUSTICE #AMERICAFIRST #TRUMP #PATRIOT #TRUMPTRAIN #MAGA #REPUBLICAN #GOP #KAG #TRUTH #CONSERVATIVE #PATRIOT #KAG #DONALDTRUMP #TRUMP2020 #ELECTION2020 #CHRISTIAN #FAITH #USA #SAVETHECHILDREN #PROLIFE #MAGA2020 #QANON #SAVEOURCHILDREN #DONALDTRUMP #REPUBLICANS  #DEMOCRATS #DNC #BLM #ANTIFA #TERRORISTS #RIOTING #LOOTING #ARSON #SOCIALISM #SOCIALISMSUCKS #COMMUNISM #VOTERFRAUD #JOEBIDEN #BIDEN #BOYCOTTCHINA
Negative,conservative,@BLMisajoke,Cuomo‚Äôs pandemic powers might be tested in Supreme Court case. The Supreme Court will rule in favor of the Churches. This is the first step to end the lockdowns
Negative,conservative,@GoodPoop,"The Recall Express #1 now leaving the station! Follow, Echo, and if you live in California sign the petition. If you don't live there you can donate to help. End the Lockdowns! @Jp2017 @Johnsonkimbo1214 @Misterkeeper693 @AJBama @Isiah5417 @Taznsam @CourageTruthStrength @Clinedoptions @Debitice @Tdobert1227 @PatriotBretAK49er @PirateSpawn @PeteBuehler350 @Lwestbrook38 @SandyB56 @Teachergirl62 @PRWarriorMom94 @Jwatz4621 @Cantcallmebubba @Jholford @Rcooper9809 @Hairdreaming @817jesus @Roselopez316 @1A2AMONA @DuvacJoe @Davecarlow @Luwhitford @soho @ConstitutionCoaching @Destinia @SummerNight1973 @Vdejarnette8517 @Cmorrismpm @SmartFart2020 @Bobthenailer @TheTruthPleaze @Littlegabbygirl111 @RThac @CidRanger @MarinaFinnagan @Chrisc205 @gogocailin @AustinBallard @MsTigress @DorisDay1 @Floydfrost73 @VMcFarland @Dapool @WeMustSpeakUp4America @Mecsr1175 @Joan11857 @Stationrat @Jinxy1776 @Nandavis15"
Negative,conservative,@GoodPoop,"The Recall Express #6 now leaving the station! Follow, Echo, and if you live in California sign the petition. If you don't live there you can donate to help. End the Lockdowns! @texasredright @Garouvee @Drumfox @TrinityPeltier @JoeBailey @NotWaiting4Godot @Safferms @KimHolskey @Heatherydoune @Sissy1961 @kim4VOLS @Ewhite3788 @Isaiahsgrandma @PatriotMaureen @Name Hidden @TNMC1 @Trodriquez98 @JoeHos18 @angelbyurside4ever @Gigiboj @OX49TManahan67 @1776Uprising @KingsK @JamiesStuff @SueK4Yeshua @Jeanettephelps2963 @GunCat @Usatomorrow @Labman113 @JimSheehan @TheRealMattBrown @Vsv60 @Eviehubbard1192 @Even11 @JohnSymons @Kaldiar @Daydreamerchris @Name Hidden @lilClancy @LSHPro @Kristiet2146 @Matiaspicer @RedalertUb9s2me @ButtonWillow @Mollyfagan @Ldav242412 @Poefolksfarms @Timsilva64 @Violetindig077 @Lpstubblefield #STOPTHESTEAL #SAVEOURCHILDREN #USA #TRUMP2020 #MAGA"
Negative,conservative,@GoodPoop,"The Recall Express #4 now leaving the station! Follow, Echo, and if you live in California sign the petition. If you don't live there you can donate to help. End the Lockdowns! @Borisgreybeard @JusticeByLight @RichardManner @Hargis528 @Pswood2412 @Missyd0814 @RoniCox @Cfranolich77 @Dawnuballe @Lostigerfilmsinc @Name Hidden @Arpknight @krisc @TheAussie @Suzcarter714 @StopThaInsanity @Name Hidden @DonaldusMagnus @CrisRava @Crenee005 @Alisia612 @Name Hidden @Bcsrkmiller @Breaux535 @DistinctivelyK @Skipperbecky72 @FortisFortunaAdiuvat1 @AnnaMosity @Name Hidden @Stauche @Agilejbk @Metalmama1990 @Sickoftheswamp @DesktopDoll @ralphdude69 @JamesPidd @bmark5472 @observationsofanolderwoman @Dolphindoll11 @Bronco21990 @ChadCarr422 @Thorbius7 @mfletch7 @Caps @Kayzplace44 @Matroliforpeace @PalmDesertRat @AllyOops @Kellygreen2874 @Carla1 @Carl236856018930 @FreedomFighters @Delivengood @Chendo721 @ConservativeArtists"
Negative,conservative,@GoodPoop,"The Recall Express #2 now leaving the station! Follow, Echo, and if you live in California sign the petition. If you don't live there you can donate to help. End the Lockdowns! @LearningProgramming @JulesSevenUSA @Pcp2 @REDwhiteBLUEWAVECOMING @jbarlett @Deb_harmon56 @Itmaster @BigDaddyRoth @OlivieriDino @Nstashasnow822 @PaulaHorton @MLL76 @NWIPatriot17 @Logan2002r6 @Joelgw93 @Fritobemyself @clydedrusilla @freespeachg @ChimeBear1 @Crossbearer1956 @MAGADCVet @Luru2y @Kahafley66 @Kiki86422 @TameNanoworld @GrandmaKaren @Lbaclife @Cdvier @imabitcsumtimes @Skyjazz @Steinr36 @Jennifershay1 @Hobbsfamily01 @Mrvincent @Carla118 @Ryansvaughn @Jansechristina @RedWashington @Pamelakey @Bigdubya @DPA9503 @Name Hidden @Lucysdad @MisterAwesome @George4Springfield @eQuipped @Myfuzzi @Wtex123 @Getsomebux @Tweetiecat77 @Manrubs @BWC @realBrianPropane @Zman103 @GARDAD @2jaybees @RobbinMyHood @DCDarling @MJ7319 @Chrryman"
Negative,conservative,@GoodPoop,"The Recall Express #5 now leaving the station! Follow, Echo, and if you live in California sign the petition. If you don't live there you can donate to help. End the Lockdowns! @NathanDavison @1MC1 @snickadoo2 @WendyByTheSea2 @Mrklotti @Klibby316 @ChadforTrump @BrotherCoyote @TheRightTeam @Massman68 @OldNavyMC @GMummy @Ellieosburn @CRICKET48 @Gailymom @Timmccurdy @alvisshef @Warrenfrederick @DeplorableDave42 @Msplacdwvgn @LynneS5 @NYCountry @overhead440 @TomMacioszek @Vugg @Rbetts13hd @DesignerPirate @slmmcdaniel @Boutwellgwyn @Ashleycarter87 @Name Hidden @DeplorableDan1958 @Scarrell19 @Ray10107041 @Name Hidden @Julieharris66 @Michelle9294 @realStixie @Cporz @SoRepublicKal @Hawkeye100 @AmandaWA @ppmrrm @Bw55 @Jbutz702 @Lojo2001 @SeeingRed @Jhousley93 @Imtommyboy @Djbrodman @tomdoniphon00 @Tomatocowboy @KomunistickizlociniNet @Mateoonline2000 @WhatWeNeed @Rea4Trump #VOTERFRAUD #SAVEOURCHILDREN #FREEDOM #STOPTHESTEAL"
Negative,conservative,@GoodPoop,"The Recall Express #3 now leaving the station! Follow, Echo, and if you live in California sign the petition. If you don't live there you can donate to help. End the Lockdowns! @Trish1958 @jeanenevanzandt @RoknRobn @Name Hidden @WokkieBeWoken @Cbstolt @jepavek @ProudPixie66 @Elocin0310 @Kathinmontana @Jennieb80 @AetherScream @Glorybee2 @Donnahall54 @Mike1776h @stacycot @MrsLeslieJustice @Serremmy @Jpgraz4098193763150 @PKHusby @GSPLover @Name Hidden @Mbenussi @Marcyann66 @Megabitejeff @Daybydayglobal @Triciatrump @Dalmatian @Tmetz10 @Name Hidden @BelannFarrar @paulryanz @Michilynb @MrC357 @Lturrentine @FreedomZ @Meff60 @LUBUANON @Fren2you @Bigshow @CBReviews @CrisieLee @DavidKrueger25 @7DaySourceGlobal @Thereal101 @JohnHeim @Rottiemama @WVTrophyWife @Hugh1960 @ScottinVA @Name Hidden @Radams2289 @Linzhao @MackBarron @Jduffey19 @VicePM @DrJth @RatedPG @ARROWOFTRUTH @Yaakattack"
Negative,conservative,@AZperspective,I'm a #Buffalo NY boy. This video fills my heart with joy to see small business owners stand up to tyrants... #cuomo #endlockdowns
Negative,conservative,@AZperspective,"From the DJT FTW 2020 #playlist ...get ready for a long week, even if it's a short holiday week: ""What are you waiting for? Let's move on this Time is of essence... So say you're in with cards down And guns drawn, this is it"" - AUDREY, START THE REVOLUTION; Anberlin ‚è≥‚åö‚è≤üÉè #fightback #djtftw #magaplaylist #thetimeisnow #biblicaltimes #endlockdowns #stopthesteal #trumpwon #1776 #revolution #anberlin"
Negative,conservative,@AZperspective,"From the DJT FTW 2020 #playlist ...get ready for a long week, even if it's a short holiday week: ""What are you waiting for? Let's move on this Time is of essence... So say you're in with cards down And guns drawn, this is it"" - AUDREY, START THE REVOLUTION; Anberlin ‚è≥‚åö‚è≤üÉè #fightback #djtftw #magaplaylist #thetimeisnow #biblicaltimes #endlockdowns #stopthesteal #trumpwon #1776 #revolution #anberlin"
Negative,conservative,@Josephinedunn,Echo the hell out of this. I am not a sheep #nomasks #noshutdowns #nolockdowns  Follow me  @Josephinedunn  I follow back. #WETHEPEOPLE #FIGHTFORJUSTICE #2NDAMENDMENT #LOCKEDANDLOADED #HOLDTHELINE #FIGHTBACK kraken#releasethekraken #STOPTHESTEAL #Q #QANON #RECOUNTLEGALVOTES #fraud #voterfraud #ARMAGEDDON #GODWINS #digitalsoldiers #MOAB #ARIZONA #Nevada #Pennsylvania #SECURINGTHEVOTE #VOTERIDNOW #THESTORMHASBEGUN #FROMDARKNESSTOLIGHT #WWG1WGA  #THEGREATAWAKENINGWORLDWIDE #EndHumanTrafficking #savethechildren #audit #seizevotingmachines #michigan #plandemic #gritDontQuit #ITSTIMETOTAKEOURCOUNTRYBACK ‚è±üí™‚ù§Ô∏è‚úùÔ∏èüá∫üá∏üôèü¶Ö‚õà‚õà‚õàüå™üå™üå™
Negative,conservative,@Jhm4ever,"Some of these people were the same as these people. #sheepnomore, #nomorelockdowns, #savesmallbuisness"
Negative,conservative,@Blurbtopia,#covidhoax #covid19 #nomorelockdowns #stopthesteal #trumptrain #magamarch
Negative,conservative,@EricAtkinson,Love it ü•∞  #recallgavinnewsom  #newsomsucks  #newsomenightmare  #nomorelockdowns
Negative,conservative,@Gary4trump,üö® RULES FOR THEE AND NOT FOR ME. #trump2020 #nomorelockdowns #fakevirus  #lockthemup
Negative,conservative,@Josephbuliga0,"Go take a look at the new Buliga Breakdown, where I break down the new Oregon Covid restrictions! #trump2020 #nomorelockdowns"
Negative,conservative,@EricAtkinson,This shows it was a PLANDEMIC  #novaccines #plandemic #arrestbillgates #nomasks #nomoremasks #covidhoax #newworldorder #sheeplenomore #resist #nomorelockdowns #chinavirus #fightback  #resistthereset #digitalsoldiers #wwg1wga
Negative,conservative,@EricAtkinson,No more masks üò∑  #novaccines #plandemic #arrestbillgates #nomasks #nomoremasks #covidhoax #newworldorder #sheeplenomore #resist #nomorelockdowns #chinavirus #fightback  #resistthereset #digitalsoldiers #wwg1wga
Negative,conservative,@Gary4trump,Governor Cuomo admitted at a press conference this spring that the government has no right to do what they are doing. PLEASE pass this on to everyone you know! EVERYONE!! #fakevirus #sheeplenomore #nomorelockdowns  #trump2020
Negative,conservative,@EricAtkinson,Stand Up Canada üá®üá¶  In BC go to #resistthereset #trudeaugate #trudeaumustgo #trudeaudictatorship #plandemic #newworldorder #fightback #populationcontrol #resist #freedom #nomorelockdowns #freecanada #digitalsoldiers #wwg1wga
Negative,conservative,@EricAtkinson,Trudeau has to go! Stop violating our Rights #resistthereset #trudeaugate #trudeaumustgo #trudeaudictatorship #plandemic #newworldorder #fightback #populationcontrol #resist #nonewnormal #freedom #nomorelockdowns #freecanada #digitalsoldiers #wwg1wga
Negative,conservative,@EricAtkinson,All Canadians sign the petition to stop the Reset in Canada #resistthereset #trudeaugate #trudeaumustgo #trudeaudictatorship #plandemic #newworldorder #fightback #populationcontrol #resist #freedom #nomorelockdowns #freecanada #digitalsoldiers #wwg1wga
Negative,conservative,@EricAtkinson,Trudeau has to go! Stop violating our Rights #resistthereset #trudeaugate #trudeaumustgo #trudeaudictatorship #plandemic #newworldorder #fightback #populationcontrol #resist #nonewnormal #freedom #nomorelockdowns #freecanada #digitalsoldiers #wwg1wga
Negative,conservative,@EilaWalker,100%. 2 weeks to slow the spread in order to give hospitals enough time to gear up for the surge was a reasonable request. Anything beyond that is a constitutional violation. #donotcomply #nomorelockdowns
Negative,conservative,@EricAtkinson,Surprise Surprise Surprise  The 2nd Wave was Faked  #novaccines #plandemic #arrestbillgates #nomasks #nomoremasks #covidhoax #newworldorder #sheeplenomore #resist #nomorelockdowns #chinavirus #fightback  #resistthereset #digitalsoldiers #wwg1wga
Negative,conservative,@Gary4trump,governor Ron DeSantis of Florida talking about the false positive PCR test. The Governor of Florida and his medical advisors talking about the issues with pcr testing and quarantine at a round table discussion. Link to the full video titled ‚ÄúRevelations of C0R0NA‚Äù in my bio #fakevirus #nomotefoxnews #nomorelockdowns  #dropthemasks
Negative,conservative,@JohnTylerPatriot,üì£üì£ECHOüì£üì£ECHOüì£üì£ This garbage is being promoted on an INTERNATIONAL level. Because they want to promote this megalomaniacal mass murderer as some sort of hero to the rest of the world.  We know what he really is. If you know people innovate countries tel them to spread the truth about this tyrant.  @NYGovCuomo   #voteforcuomonotthehomo #cuomovirus #cuomokilledthousands #cuomomafia #arrestcuomo #impeachcuomo #cuomocrimefamily #fredosbrother #ilducecuomo #nomorelockdowns #massmurderers #cuomomassmurderer #cuomoserialmurder #impeachcuomo #cuomoisamurderer #cuomosbodycount #gitmo4cuomo #corruptcuomo #cuomomafia  @AssociatedPress
Negative,conservative,@JohnTylerPatriot,When will the armed citizens take back their State Houses from the Traitors who sold out America to foreign interests for their own personal gain??? STAND WITH OUR PRESIDENT TO DEFEND OUR NATION NOW.  #arrestnewsom #arrestwhitmer #arrestcuomo #arrestsisolak #arrestkatebrown #arresttomwolf #arrestnortham #arresttonyevers #arrestfauci #arresthillaryclinton #arrestcomey #arrestbrennan #arrestdeblasio #arrestlightfoot #restorelawandorder #lawandorder #2a #2apatriots #defendfreedom #kagpatriots #wearethestorm #thestormishere #hangthetraitors #arrestbiden #arrestkamalaharris #dominion #whereshunter #arresthunterbiden #billclintonisarapist #clintonrapist #pedophiles #covidhoax #nomorelockdowns #liberty #freedom #constitution #republicansstandup  @Name Hidden  @ryanafournier @Liloudmajority @therealjameswoods @erictrump @donaldjtrumpjr @dbongino @ajcats @kayleighmcenany  @carpedonktum  @joepags @redcode71 @lauraloomer  @linwood  @sidneypowell @newsmax  @oann #wwg1wga #qanon #qanonpatriots #deepstate
Negative,conservative,@191powm,"REPUBLICAN RUN..During Monday‚Äôs broadcast of FNC‚Äôs ‚ÄúFox & Friends,‚Äù Texas Gov. Greg Abbott (R) vowed there will be ‚Äúno more lockdowns‚Äù in his state. As some governors and mayors are increasing restrictions due to spikes in coronavirus cases across the country, Abbott emphasized that the government should not ‚Äúmicromanage the lives of everybody.‚Äù He argued that ‚Äúlockdowns are overvalued‚Äù because the virus gets transmitted easily in private gatherings. ‚ÄúAlong the course of dealing with the pandemic, we‚Äôve all learned what works and what does not work. And one thing that government does not need to do is to micromanage the lives of everybody,‚Äù Abbott advised."
Negative,conservative,@Chelseayoung,I am so happy to see that our president elect was able to celebrate his birthday with his friends and family. I know you are shocked that the guest list was more than 10 people and not one person wore a mask! #fightback #covid19hoax #reopenamerica #isupportpresidenttrump
Negative,conservative,@Dogchat58,Do these bastards know something we don't? The lockdowns are futile . Open America now !
Negative,conservative,@BubbaSmolliet,"HUNINGTON BEACH, CALIFORNIA ‚ÄºÔ∏èüëÄ  This event was advertised as an anti lockdown peaceful protest, but very quickly became an unofficial Trump rally.  #recallgavinnewsom #savecalifornia #makecaliforniagreatagain"
Negative,conservative,@BThis,Lockdowns kill more people than COVID-19. Lockdowns are ineffective at stopping the spread.
Negative,conservative,@BorderWarrior,"BUFFALO NY: Business Owners Stand Up, Fight back and Kick out Sheriff & Health Dept !üôå Chant ‚ÄúWE WILL NOT COMPLY‚Äù  ‚ûñIf every biz owner would do this lockdowns would be over. #FIGHTBACK #LockdownChaos  @TeamTrump   @Name Hidden   @DonaldJTrumpJr   @catturd2   @Name Hidden"
Negative,conservative,@Cherokeeowl,‚ÄúBurn the masks‚Äù NYC Protest today  #nomaskmandates  #nolockdowns  #impeachcuomo  #gijoevets  #tn2  #co4djt  #cocass2
Negative,conservative,@Cherokeeowl,‚ÄúBurn the masks‚Äù NYC Protest today  #nomaskmandates  #nolockdowns  #impeachcuomo  #gijoevets  #tn2  #co4djt  #cocass2
Negative,conservative,@Cherokeeowl,‚ÄúBurn the masks‚Äù NYC Protest today  #nomaskmandates  #nolockdowns  #impeachcuomo  #gijoevets  #tn2  #co4djt  #cocass2
Negative,conservative,@Cherokeeowl,‚ÄúBurn the masks‚Äù NYC Protest today  #nomaskmandates  #nolockdowns  #impeachcuomo  #gijoevets  #tn2  #co4djt  #cocass2
Negative,conservative,@Cherokeeowl,‚ÄúBurn the masks‚Äù NYC Protest today  #nomaskmandates  #nolockdowns  #impeachcuomo  #gijoevets  #tn2  #co4djt  #cocass2
Negative,conservative,@Cherokeeowl,‚ÄúBurn the masks‚Äù NYC Protest today  #nomaskmandates  #nolockdowns  #impeachcuomo  #gijoevets  #tn2  #co4djt  #cocass2
Negative,conservative,@Cherokeeowl,‚ÄúBurn the masks‚Äù NYC Protest today  #nomaskmandates  #nolockdowns  #impeachcuomo  #gijoevets  #tn2  #co4djt  #cocass2
Negative,conservative,@Cherokeeowl,‚ÄúBurn the masks‚Äù NYC Protest today  #nomaskmandates  #nolockdowns  #impeachcuomo  #gijoevets  #tn2  #co4djt  #cocass2
Negative,conservative,@Cherokeeowl,‚ÄúWe will Not Comply‚Äù NYC Lockdown Protest All Americans RESIST Lockdowns & Masks!  #nocuomolockdown #nolockdowns  #gijoevets  #tn2  #cocass2
Negative,conservative,@Cherokeeowl,‚ÄúWe will Not Comply‚Äù NYC Lockdown Protest All Americans RESIST Lockdowns & Masks!  #nocuomolockdown #nolockdowns  #gijoevets  #tn2  #cocass2
Negative,conservative,@Cherokeeowl,‚ÄúWe will Not Comply‚Äù NYC Lockdown Protest All Americans RESIST Lockdowns & Masks!  #nocuomolockdown #nolockdowns  #gijoevets  #tn2  #cocass2
Negative,conservative,@Cherokeeowl,‚ÄúWe will Not Comply‚Äù NYC Lockdown Protest All Americans RESIST Lockdowns & Masks!  #nocuomolockdown #nolockdowns  #gijoevets  #tn2  #cocass2
Negative,conservative,@Cherokeeowl,‚ÄúWe will Not Comply‚Äù NYC Lockdown Protest All Americans RESIST Lockdowns & Masks!  #nocuomolockdown #nolockdowns  #gijoevets  #tn2  #cocass2
Negative,conservative,@Cherokeeowl,‚ÄúWe will Not Comply‚Äù NYC Lockdown Protest All Americans RESIST Lockdowns & Masks!  #nocuomolockdown #nolockdowns  #gijoevets  #tn2  #cocass2
Negative,conservative,@Cherokeeowl,‚ÄúWe will Not Comply‚Äù NYC Lockdown Protest All Americans RESIST Lockdowns & Masks!  #nocuomolockdown #nolockdowns  #gijoevets  #tn2  #cocass2
Negative,conservative,@calicat,"No vaccinations, no masks, no lockdowns and NO BILL GATES!!"
Negative,conservative,@Josephinedunn,I will never be vaccinated. No masks No lockdowns Echo the hell out this Follow me  @Josephinedunn  I follow back. #WETHEPEOPLE #FIGHTFORJUSTICE #2NDAMENDMENT #LOCKEDANDLOADED #HOLDTHELINE #FIGHTBACK kraken#releasethekraken #STOPTHESTEAL #Q #QANON #RECOUNTLEGALVOTES #fraud #voterfraud #ARMAGEDDON #GODWINS #digitalsoldiers #MOAB #ARIZONA #Nevada #Pennsylvania #SECURINGTHEVOTE #VOTERIDNOW #THESTORMHASBEGUN #FROMDARKNESSTOLIGHT #WWG1WGA  #THEGREATAWAKENINGWORLDWIDE #EndHumanTrafficking #savethechildren #audit #seizevotingmachines #michigan #plandemic #gritDontQuit #ITSTIMETOTAKEOURCOUNTRYBACK ‚è±üí™‚ù§Ô∏è‚úùÔ∏èüá∫üá∏üôèü¶Ö‚õà‚õà‚õàüå™üå™üå™
Negative,conservative,@HaroldR,Herschel just scored another Touch Down!! #HERSCHEL #NOLOCKDOWN #SENSIBLESCIENCE #LIBSAREMAD #MADSCIENCE #DATACOLLECTORSAREFAKE #FAKETABULATORS
Negative,conservative,@HaroldR,Herschel just scored another Touch Down!! #HERSCHEL #NOLOCKDOWN #SENSIBLESCIENCE #LIBSAREMAD #MADSCIENCE #DATACOLLECTORSAREFAKE #FAKETABULATORS
Negative,conservative,@HaroldR,Herschel just scored another Touch Down!! #HERSCHEL #NOLOCKDOWN #SENSIBLESCIENCE #LIBSAREMAD #MADSCIENCE #DATACOLLECTORSAREFAKE #FAKETABULATORS
Negative,conservative,@IndyRack,"Fuckin' A!!!!!!  Conforming IS CONSENT!!! DON'T BE SHEEP!!! STAND UP FOR YOUR CONSTITUTIONALLY PROTECTED RIGHTS AS CITIZENS OF THE UNITED STATES OF AMERICA!!! SAY NO TO THE LOCKDOWN AND ALL OF THE BULLSHIT THAT GOES WITH IT!!!  NO LOCKDOWN!!! NO MASKS!!! NO 6 FT. DISTANCING!!! NO SOCIALISM!!! NO COMMUNISM!!! NO GLOBALISM!!! AND GROW SOME BALLS AND START SUPPORTING PRESIDENT TRUMP, WHO'S BEEN FIGHTING FOR YOU FOR 4 YEARS VIRTUALLY BY HIMSELF WITH NO HELP!!! WITHOUT OUR SUPPORT, THE DEEP STATE WILL TAKE CONTROL!!! WE MUST DO EVERYTHING TO KEEP JOE BIDEN OUT OF THE WHITE HOUSE!!! #WWG1WGAüá∫üá∏üá∫üá∏üá∫üá∏ Alan Q*KT*III%üá∫üá∏"
Negative,conservative,@BlightyRight,"Would you look at this, no lockdown Sweden, 2nd wave death rates.  #uk  #covid"
Negative,conservative,@BlightyRight,"Would you look at this, no lockdown Sweden, 2nd wave death rates.  #uk  #covid"
Positive,conservative,@Glsn42,"The Greatest Scandal of our Lifetime | The American Conservative. This is a must read. Our freedoms are being taken away by the Bureaucratic elites. In home treatment can be used to prepare our immune system to fight COVID-19.  Vitamin D, vitamin C, zinc ionosphere, alone with exercise and rest.  We are currently being told to stay home & isolate & only go to hospital when Symptoms appear in the mean time our freedoms are being eroded and mental health conidtions & economic effects created by this could last for decades.  Again the power hungry bureaucratic elites such as Cuomo are allowing the situation to fester."
Positive,conservative,@CarlAnsgarPettersson,"THERE WILL ALWAYS BE... There will always be corruption, bought people like Joe  who doesn't care where  he gets his 30 pieces of silver or gold There will always be cowards like Fox News et al.  Who in anticipation of their new leader betrays us all There will always be guvenors  with delusions of grandeur like Whitmer, Newson and Cuomo With balloon sized egos They think they are important and intelligent too so they cancel Thanksgiving  and Christmas for you No need to obey them  they are just buffoons if they really feared covid they would stay home too  Instead they go to parties  with no fear of the press 'cause Fredo's covering them and that's for the best  He'll explain in a voice that is so very smooth  You must accept  that the rules only apply to you There will always be weakness with a lack of a spine Those who dress up in black and become thieves in the night Who'll loot and burn and then  go to their job at Twitter and Google  they're at home with the mob"
Positive,conservative,@Babbs,"Some GOP officials push back against warnings to stay home for Thanksgiving, accusing Dems of hypocrisy | Fox News"
Positive,conservative,@Babbs,"Some GOP officials push back against warnings to stay home for Thanksgiving, accusing Dems of hypocrisy | Fox News"
Positive,liberal,@Dsalinas,"""DO NOT VOTE IN THE GEORGIA RUNOFFS, THE DEEP STATE WILL BE COLLECTING EVERYONE'S INFO. THIS IS A CHARADE, MEANT TO IDENTIFY PEOPLE WHO DON'T VOTE DEMOCRAT,"" another user wrote. ""STAY HOME. OSSOFF AND WARNOCK ARE A SMALL PRICE TO PAY."""
Positive,conservative,@CandysOpinions,"For some unknown and suspicious reason, the whole of the entertainment industry is exempted from the restrictions, covered under Newsom‚Äôs exemptions clause.  YOU THE PEOPLE STAY HOME BUT OUR ELITE MOVIE STUDIOS NEED TO WORK. This is one huge pile of BS"
Positive,conservative,@ElleFitz,Four simple rules governor Newsom couldn‚Äôt respect‚Ä¶ Wear a mask Stay 6 feet apart Eat only outdoors And stay home unless it‚Äôs essential essential outing. Oh and I should mention‚Ä¶ These are his rules. What a joke.
Positive,conservative,@Cem759,"üëèüá∫üá∏Thousands of people in 16 California citiesüëètook to streets on Saturday protesting Gov Gruesome Newsoms curfew requiring people to stay home after 10 pm‚ûΩ‚ÄúOur freedoms are truly at risk, look at the history of my mother country of Vietnam & others...""tiny.cc/h295tz"
Positive,conservative,@Hypershell,"The Government Who Cried Wolf: Our leaders disobey their own restrictions, and NOTHING HAPPENS. When South Dakota failed to lock down, NOTHING HAPPENED. When Antifa travelled across the country in large groups, NOTHING HAPPENED. When BLM travelled across the country in large groups, NOTHING HAPPENED. When Biden's supporters celebrated the AP pretending they have legal authority to call the election, NOTHING HAPPENED. I entirely believe that a respiratory infection will grow more severe as we move into actual cold and flu season, that's just simple logic, but the government has lost all credibility on the matter. It is completely and utterly transparent that they care not about COVID but about keeping up the appearance of being useful. They are firing blind, they don't know what they're doing, and whatever risk there is to going outside, it is We The People's risk to take. Period. If you're sick or unsure, stay home. Otherwise, hug your family."
Positive,conservative,@GoGo4Trump2020,"The great reset is being implemented across this planet. The term that Joe Biden used during their campaign, ""build back better"", is being used by leftist leaders all over the world. If this isn't just more proof that Joe Biden is in bed with the globalists then you have your head in the sand. They literally want us under a socialist government so they can control our every movement just like in the orwellian movie 1984. they are now wanting to tax existing gun owners for weapons they already own. They are wanting to implement a carbon tax. This means US citizens will be paying for the excess carbon that a dirty country like China and India is expelling into the atmosphere. The Paris climate accord, Joe Biden has sworn that he will re-enter that. The United States was forking over the largest amount of funds for this project. They are screaming now that the rest of the nations are having to foot the bill. The USA and our tax dollars should stay home."
Positive,conservative,@10thGenerationAmerican,"Is this true, Britain? ‚Äú The British government will reportedly introduce ‚Äúfreedom passes‚Äù and specialised passport certificates to people who have tested negative for the Chinese coronavirus, as Prime Minister Boris Johnson is set to announce further regional lockdown restrictions following the end of the latest national lockdown in December.‚Äù"
Positive,conservative,@1776stonewall,Chicago Murder Rate Set To Shatter Record Despite Dem Mayor's Stay At Home Order
Positive,conservative,@1776stonewall,Chicago Murder Rate Set To Shatter Record Despite Dem Mayor's Stay At Home Order
Positive,conservative,@Cherbourg,This Shem is batshit crazy and I mean that in the most sincere way.... Chicago Murder Rate Set To Shatter Record Despite Dem Mayor's Stay At Home Order
Positive,conservative,@Cherbourg,This Shem is batshit crazy and I mean that in the most sincere way.... Chicago Murder Rate Set To Shatter Record Despite Dem Mayor's Stay At Home Order
Positive,conservative,@ChatByCC,"At my local Italian market, I was # 70. They were serving # 57. I need to mention that not only did the Pennsylvania Secretary of Health issue ‚ÄúStay at Home‚Äù orders but so did the county. FINALLY‚ÄîEVERYONE IS BREAKING THE RULES!"
Positive,conservative,@ChatByCC,"At my local Italian market, I was # 70. They were serving # 57. I need to mention that not only did the Pennsylvania Secretary of Health issue ‚ÄúStay at Home‚Äù orders but so did the county. FINALLY‚ÄîEVERYONE IS BREAKING THE RULES!"
Positive,conservative,@ChatByCC,"At my local Italian market, I was # 70. They were serving # 57. I need to mention that not only did the Pennsylvania Secretary of Health issue ‚ÄúStay at Home‚Äù orders but so did the county. FINALLY‚ÄîEVERYONE IS BREAKING THE RULES!"
Positive,conservative,@ConservativeTht,"After years of decline (thank you, Rudy Giuliani!) violent crime is surging dramatically in New York City. What do you expect when the Democrat Mayor Bill de Blasio won‚Äôt let cops do their job and draconian stay at home orders destroy jobs? #BackTheBlue"
Positive,conservative,@Busterhaddock,"Already on the Harris/Biden ‚Äúdocket‚Äù so far: 1) 21-28% income tax 2) 5% Tax on people that can work from home. 3) 15,000 refugees increased to 125,000 refugees  4) Ceasing the building of the border wall 5) Eliminating oil fracking leases on public lands - a majority of the sites are on public lands 6) Reversing all of President Trump‚Äôs COVID travel bans 7) Reversing all of President Trump‚Äôs executive orders 8) Eliminating gains made with China in the trade war and returning to the original 500 billion dollar trade deal deficit with them 9) Rejoining the unconstitutional Paris Climate Accords 10) Installing a free College tuition for students from now on totally ignoring every individual that paid for their own education since 1791. This will effectively erase Trump‚Äôs 4 years with the exception of several miles of Border wall.... Maybe he did win.........and perhaps this IS what Americans want....a new form of slavery where we ‚Äúfleece‚Äù the herd to satiate the mob. Reparations at last"
Neutral,conservative,@BigPapiGringo,Why is it that we quarantine for a 99.93% mortality rate but we don't quarantine trannys for having a 40% suicide rate
Neutral,conservative,@bonrodmc2,Gavin Newsom and family in quarantine after COVID exposure ktvu.com/news/gavin-newsom-and-family-in-quarantine-after-possible-covid-exposure I don't buy it
Neutral,conservative,@debbiepearce1,I REFUSE to use the phrase 'new normal' as there is nothing normal about any of this I REFUSE to use the phrase 'social distancing' because there is nothing social about keeping humans apart I REFUSE to use the word 'quarantine' when referring to locking up healthy people as you only quarantine those who are sick. I REFUSE to buy into the GREAT RESET!!!
Neutral,conservative,@debbiepearce1,I REFUSE to use the phrase 'new normal' as there is nothing normal about any of this I REFUSE to use the phrase 'social distancing' because there is nothing social about keeping humans apart I REFUSE to use the word 'quarantine' when referring to locking up healthy people as you only quarantine those who are sick. I REFUSE to buy into the GREAT RESET!!!
Neutral,conservative,@FernandOrlando2,This is what being in quarantine does to you. #meme #memes
Neutral,conservative,@Baierme2,This way they can‚Äôt force her to quarantine
Neutral,conservative,@Garyxxx7,You quarantine the sick not the healthy. Wake up America
Neutral,conservative,@JimiMcQ,Ohio House approves bill limiting DeWine action on quarantines
Neutral,conservative,@Azariah777,Portuguese Court Rules PCR Tests ‚ÄúUnreliable‚Äù & Quarantines ‚ÄúUnlawful‚Äù ‚Äì OffGuardian
Neutral,conservative,@Alexgstall,"Newsom, Family Quarantine After Exposure to CHP Officer Positive for COVID-19 ‚Äì NBC Bay Area"
Neutral,conservative,@JoeFreedomLover,CA Gov Newsom And Family Enter 2-Week Quarantine After COVID-19 Exposure | Zero Hedge
Neutral,conservative,@Azsunnie69,"Newsom, family in quarantine after possible coronavirus exposure Love it!! He‚Äôs such a jerk  Explore the Fox News apps that are right for you at"
Neutral,conservative,@curlyQsue,"Gavin Newsome and family under self quarantine for Carona exposure. Still testing negative Well, we can always hope."
Neutral,conservative,@Jjb54,Sorry the Highway Patrol Man got it - but thank you for giving it to Newsom! Hey Gov. I have a great idea - Quarantine you and your family for the next 50 years please. > YOU ARE NOT WANTED.
Neutral,conservative,@Jjb54,Sorry the Highway Patrol Man got it - but thank you for giving it to Newsom! Hey Gov. I have a great idea - Quarantine you and your family for the next 50 years please. > YOU ARE NOT WANTED.
Neutral,conservative,@guardianquill69,"So, tell me how a married couple can get covid but not the other....they live in the same damn house. Wife gets it but not the husband. He quarantines for 14 days, with her and he never gets sick.....vividis so damn deadly, why isnt he sick?!?!"
Neutral,conservative,@CommunistsDeserveToDie,"Hey Democrat county police and British police. Your job is to fight crimes, such as rape, sexual trafficking, child molesting, drug dealers, hit-and-run thugs, arsonists. Not to mask-shaming or limiting our freedom or interrupt a couple when they kissed. Am I being clear? Keep your socialism with you. Mind your own business. I and my friends and my family members just wanna live simple happy normal life. And no house arrest (so-called quarantine) ever !!"
Neutral,conservative,@Dhowell1043,"New study: Lockdowns & masks are useless and might even increase COVID-19 spread. Interesting that we have to read this in a blog instead of the MSM!   The NewEngland Journal of Medicine is a highly respected publication  ""November 16, 2020 12:03 am Robert Zimmerman A recently completed research study by Icahn School of Medicine at Mount Sinai in cooperation with the Naval Medical Research Center and published in the New England Journal of Medicine has found that strict quarantine, tightly controlled social distancing, and continuous use of masks did absolutely nothing to contain the spread of COVID-19, and might even have increased its spread."""
Neutral,conservative,@GreatfulAmericanFormerlySnakebitCajunTwitterSucks,Hollywood celebrities exempt from California lockdown orders | The Post Millennial
Neutral,conservative,@Jillosophy,California lockdown protest in Huntington Beach with Trump supporters - TheBlaze
Neutral,conservative,@go4gin,California lockdown protest in Huntington Beach with Trump supporters - TheBlaze
Neutral,conservative,@GreatfulAmericanFormerlySnakebitCajunTwitterSucks,Hollywood celebrities exempt from California lockdown orders | The Post Millennial
Neutral,conservative,@Jillosophy,California lockdown protest in Huntington Beach with Trump supporters - TheBlaze
Neutral,conservative,@HeidiDAgostino,California lockdown protest in Huntington Beach with Trump supporters - TheBlaze There‚Äôs hope for us yet in Corrupt-a-fornia
Neutral,conservative,@edwardmondini,"VIDEO: Protesters in Huntington Beach fight back against Newsom's curfew and California lockdowns Trump Patriotism anti-Democrat ‚Äúpandemic infection‚Äù spreads to CA. ‚ÄúWe're not gonna make criminals of normally law-abiding citizens.""  ~ Fresno County Sheriff Margaret Mims"
Neutral,conservative,@Jayknight13,Lockdowns don‚Äôt work! #Lockdowns
Neutral,conservative,@GymLife,And then with the lockdowns?
Neutral,conservative,@Borovik,"These lockdowns have been very successful.. at destroying the economy, killing small businesses, exponentially increasing depression, increased drug addiction, and just about anything else you can think of.  These lockdowns have NOT been successful at stopping/slowing the china virus.  ECHO if you agree!!!"
Neutral,conservative,@Borovik,"These lockdowns have been very successful.. at destroying the economy, killing small businesses, exponentially increasing depression, increased drug addiction, and just about anything else you can think of.  These lockdowns have NOT been successful at stopping/slowing the china virus.  ECHO if you agree!!!"
Neutral,conservative,@Borovik,"These lockdowns have been very successful.. at destroying the economy, killing small businesses, exponentially increasing depression, increased drug addiction, and just about anything else you can think of.  These lockdowns have NOT been successful at stopping/slowing the china virus.  ECHO if you agree!!!"
Neutral,conservative,@Borovik,"These lockdowns have been very successful.. at destroying the economy, killing small businesses, exponentially increasing depression, increased drug addiction, and just about anything else you can think of.  These lockdowns have NOT been successful at stopping/slowing the china virus.  ECHO if you agree!!!"
Neutral,conservative,@Borovik,"These lockdowns have been very successful.. at destroying the economy, killing small businesses, exponentially increasing depression, increased drug addiction, and just about anything else you can think of.  These lockdowns have NOT been successful at stopping/slowing the china virus.  ECHO if you agree!!!"
Neutral,conservative,@Borovik,"These lockdowns have been very successful.. at destroying the economy, killing small businesses, exponentially increasing depression, increased drug addiction, and just about anything else you can think of.  These lockdowns have NOT been successful at stopping/slowing the china virus.  ECHO if you agree!!!"
Neutral,conservative,@Borovik,"These lockdowns have been very successful.. at destroying the economy, killing small businesses, exponentially increasing depression, increased drug addiction, and just about anything else you can think of.  These lockdowns have NOT been successful at stopping/slowing the china virus.  ECHO if you agree!!!"
Neutral,conservative,@Borovik,"These lockdowns have been very successful.. at destroying the economy, killing small businesses, exponentially increasing depression, increased drug addiction, and just about anything else you can think of.  These lockdowns have NOT been successful at stopping/slowing the china virus.  ECHO if you agree!!!"
Neutral,conservative,@Borovik,"These lockdowns have been very successful.. at destroying the economy, killing small businesses, exponentially increasing depression, increased drug addiction, and just about anything else you can think of.  These lockdowns have NOT been successful at stopping/slowing the china virus.  ECHO if you agree!!!"
Neutral,conservative,@Borovik,"These lockdowns have been very successful.. at destroying the economy, killing small businesses, exponentially increasing depression, increased drug addiction, and just about anything else you can think of.  These lockdowns have NOT been successful at stopping/slowing the china virus.  ECHO if you agree!!!"
Neutral,conservative,@Borovik,"These lockdowns have been very successful.. at destroying the economy, killing small businesses, exponentially increasing depression, increased drug addiction, and just about anything else you can think of.  These lockdowns have NOT been successful at stopping/slowing the china virus.  ECHO if you agree!!!"
Neutral,conservative,@Borovik,"These lockdowns have been very successful.. at destroying the economy, killing small businesses, exponentially increasing depression, increased drug addiction, and just about anything else you can think of.  These lockdowns have NOT been successful at stopping/slowing the china virus.  ECHO if you agree!!!"
Neutral,conservative,@Borovik,"These lockdowns have been very successful.. at destroying the economy, killing small businesses, exponentially increasing depression, increased drug addiction, and just about anything else you can think of.  These lockdowns have NOT been successful at stopping/slowing the china virus.  ECHO if you agree!!!"
Neutral,conservative,@Borovik,"These lockdowns have been very successful.. at destroying the economy, killing small businesses, exponentially increasing depression, increased drug addiction, and just about anything else you can think of.  These lockdowns have NOT been successful at stopping/slowing the china virus.  ECHO if you agree!!!"
Neutral,conservative,@Borovik,"These lockdowns have been very successful.. at destroying the economy, killing small businesses, exponentially increasing depression, increased drug addiction, and just about anything else you can think of.  These lockdowns have NOT been successful at stopping/slowing the china virus.  ECHO if you agree!!!"
Neutral,conservative,@Borovik,"These lockdowns have been very successful.. at destroying the economy, killing small businesses, exponentially increasing depression, increased drug addiction, and just about anything else you can think of.  These lockdowns have NOT been successful at stopping/slowing the china virus.  ECHO if you agree!!!"
Neutral,conservative,@Borovik,"These lockdowns have been very successful.. at destroying the economy, killing small businesses, exponentially increasing depression, increased drug addiction, and just about anything else you can think of.  These lockdowns have NOT been successful at stopping/slowing the china virus.  ECHO if you agree!!!"
Neutral,conservative,@Borovik,"These lockdowns have been very successful.. at destroying the economy, killing small businesses, exponentially increasing depression, increased drug addiction, and just about anything else you can think of.  These lockdowns have NOT been successful at stopping/slowing the china virus.  ECHO if you agree!!!"
Neutral,conservative,@Jayknight13,People need to stand up against this tyranny. Businesses need to open despite lockdowns and people need to take to the streets and throw these wanna be dictators out of office. This isn‚Äôt about saving lives it‚Äôs about control and power. #lockdowns #communism #EndSlavery
Neutral,conservative,@darrengrimes,"From Dec 2nd we're still in lockdown in all but name. Brilliant to see Mark Harper and Steve Baker asking the Government to publish a ""full cost-benefit analysis"" for whack-a-mole lockdowns; they must now provide the evidence that this will save more lives than it will cost."
Neutral,conservative,@Ealtima09,"Elite Democrats caught maskless at party despite COVID restrictions These Lockdowns don‚Äôt apply to the Democrat Elites. We Will not tolerate your BS LOCKDOWN ORDERS unless it APPLIES TO ALL. SO U CAN GO SCREW YOURSELVES , YOU HYPOCRITES! I‚Äôm a Pissed off Trump Girl!"
Neutral,conservative,@henryviribus,"Election Drags On, Lockdowns Return & Sidney Powell vs. Tucker Carlson:  #MAGA2020 #STOPTHESTEAL #DONALDTRUMP #COUNTTHEVOTES #Prepper #economy #freethinker #survivalist #nikolatesla #wakeup #truth #survival #news #technology #offgrid #breakingnews #alert #investing #training #ELECTIONS2020 #ELECTIONRESULTS #TRUMPCAMPAIGN #VOTERFRAUD #POTUS #DONALDJTRUMP #TRANSPARENCY2020 #POLITICS #LOCKDOWN #RESIST #BREAKING #MAGA #WHISTLEBLOWER #SUPREMECOURT #2020ELECTION #AUDITTHEVOTE #IRREGULARITIES #INFOWARS #RESIST #WASHINGTON #MAKEAMERICAGREATAGAIN #WASHINGTONDC #MARCHFORTRUMP #SOCIALISM #STOPTHESTEALCARAVAN #LEGALVOTESMATTER #SUPREMECOURT #COVID19 #TRUMPSUPPORTERS #BATTLEGROUNDSTATES #INFOWARS #PANDEMIC #TRUMP #LEGALVOTESMATTER #DOMINIONVOTINGSYSTEMS #IDEOLOGY #CALIFORNIA #NEWYORK #PARLERUSA #AMERICA #TECHTYRANTS #NEWS #COVID19 #CHINA #DOMINION #OBAMAGATE #FREEDOM #TRUMPTRAIN #BREAKING #PARLER"
Neutral,conservative,@DawgFerale,There should have NEVER been any lockdowns!!!
Neutral,conservative,@Godblessgrandma,Resist the Lockdowns.
Neutral,conservative,@Ccriderol,The lockdowns are all about control
Neutral,conservative,@Hillbilly6522,#lockdownstatesopening #lockdown #unitedstates
Neutral,conservative,@Jinx35,New Yorkers protesting the lockdowns.
Neutral,conservative,@5StarTruth,SAY NO TO VACCINES NO TO LOCKDOWNS NO TO MASKS!
Neutral,conservative,@5StarTruth,SAY NO TO VACCINES NO TO LOCKDOWNS NO TO MASKS!
Neutral,conservative,@Annjewhorton,This is very good. Zero evidence on lockdowns.
Neutral,conservative,@Flgal2,Deep Thoughts on Lockdowns with Ice Cube
Neutral,conservative,@Enteringmanhood,#covidlockdowns #lockdowns #tyranny #freedom #riseup
Neutral,conservative,@BethSilver8,WE have had ENOUGH!!! #fightback #lockdowns #saveourrepublic #maga2020üôèüèª‚ù§Ô∏èü§çüíôüá∫üá∏üá∫üá∏üá∫üá∏
Neutral,conservative,@cb1A2A,It really is that simple ignore the lockdowns Nationwide and this ends
Neutral,conservative,@DietCokemomma,Hand washing and sanitizing should be promoted instead of lockdowns!
Neutral,conservative,@cb1A2A,It really is that simple ignore the lockdowns Nationwide and this ends
Neutral,conservative,@BethSilver8,Pictures do not lie lol ü§£ü§£ü§£ü§£ #michigan #govwhitmer #lockdowns
Neutral,conservative,@americanshomer,Lockdowns Are Serial Killers. End them Now. - American Thinker
Neutral,conservative,@Ambermorrison,CA Patriots ‚Äúrise up‚Äù and are calling BS to Newsom and the Lockdowns !
Neutral,conservative,@Ambermorrison,Another hypocritical New York politician violates his own lockdowns
Neutral,conservative,@americanshomer,Lockdowns Are Serial Killers. End them Now. - American Thinker
Neutral,conservative,@americanshomer,Lockdowns Are Serial Killers. End them Now. - American Thinker
Neutral,conservative,@Bpatrino,"Stop the madness! No more masks, distancing, lockdowns etc. üá∫üá∏üá∫üá∏üá∫üá∏üá∫üá∏üá∫üá∏"
Neutral,conservative,@americanshomer,Lockdowns Are Serial Killers. End them Now. - American Thinker
Neutral,conservative,@americanshomer,Lockdowns Are Serial Killers. End them Now. - American Thinker
Neutral,conservative,@americanshomer,Lockdowns Are Serial Killers. End them Now. - American Thinker
Neutral,conservative,@BethSilver8,#cuomo can go pound salt!!! #lockdowns #maga2020 #ny
Neutral,conservative,@Dustgord2448,People need to stand up and tell the government where to go with their lockdowns and masks
Neutral,conservative,@Ambermorrison,We the People- our permission slip for freedom from lockdowns meant to take those freedoms
Neutral,conservative,@Colleen27524178,Medical professionals and top Doctors from all over the planet are signing a Declaration against covid19 lockdowns.
Neutral,conservative,@debclarktodd,Jim Jordan: Democrats Want to Defund Police But Expect Them to Enforce Lockdowns
Neutral,conservative,@ConservativeLibrarian,UN: Surge in Greenhouse Gases Sustained Despite COVID-19 Lockdowns
Neutral,conservative,@HereForTrump,"California Exempts Hollywood Movie Studios From COVID Lockdowns, Restrictions - National File"
Neutral,conservative,@CandaceTerese,"I Back the Blue. However, these lockdowns and wearing masks are violating our constitutional rights. But what can we do in this case?"
Neutral,conservative,@americanshomer,"‚ÄòYou Can‚Äôt Enforce‚Äô Thanksgiving Lockdowns, New Mexico Governor Says | The Daily Wire"
Neutral,conservative,@DanBentleyCCVA,"Slipped my ass! Forced by the New socilaist liberal dem governor's!, and their sickening inducing lockdowns!"
Neutral,conservative,@americanshomer,"‚ÄòYou Can‚Äôt Enforce‚Äô Thanksgiving Lockdowns, New Mexico Governor Says | The Daily Wire"
Neutral,conservative,@Annkatgal,"Why San Francisco, Marin county not included in Covid draconian lockdowns ?? This is fucking bullshit people!!!"
Neutral,conservative,@45trumptrain,"Former Pfizer VP Says Lockdowns Were a Mistake, YouTube Forcibly Removes His Video #MAGAüá∫üá∏üêò"
Neutral,conservative,@gtakhotmail,Waffle House‚Äôs Stand Against Lockdowns Is Exactly What America Needs‚ÄîAlmost - Foundation for Economic Education
Neutral,conservative,@Curlytop,Let us go outside! Give scientific evidence for lockdowns! Death rate and age of person!!!!!
Neutral,conservative,@gtakhotmail,Waffle House‚Äôs Stand Against Lockdowns Is Exactly What America Needs‚ÄîAlmost - Foundation for Economic Education
Neutral,conservative,@gtakhotmail,Waffle House‚Äôs Stand Against Lockdowns Is Exactly What America Needs‚ÄîAlmost - Foundation for Economic Education
Neutral,conservative,@Garyalphoto,More New Research Shows Only Those With Symptoms Spread COVID-19. Masks School Closings & Lockdowns Couldn't Have Been More Pointless.
Neutral,conservative,@Andyp1958,So if school is safest place for children wouldn't work be the safest place for adults stop the dam lockdowns üòéüëç
Neutral,conservative,@CineJoshFL,"No shit...ya don‚Äôt say.  Sheeple üêë go worship your mask, lockdowns, and plastic globalist politicians"
Neutral,conservative,@JackieTerry1962,The only reason for these lockdowns is to destroy small businesses so they can bring in the new world order and put everybody on a fucking check !
Neutral,conservative,@CineJoshFL,"No shit...ya don‚Äôt say.  Sheeple üêë go worship your mask, lockdowns, and plastic globalist politicians"
Neutral,conservative,@CineJoshFL,"No shit...ya don‚Äôt say.  Sheeple üêë go worship your mask, lockdowns, and plastic globalist politicians"
Neutral,conservative,@DavidHarveySC,"Lockdowns are completely full of Schiff! This is not (nor do I believe it has been) about anyone's wellbeing, this is simply progressive's next assault on the country to control everyone. #Rulesfortheenotforme"
Neutral,conservative,@CherylRefsland,"‚ÄúThey‚Äôre completely arbitrary,‚Äù he said of the lockdowns. ‚ÄúThey‚Äôre not based on any kind of science. There is really very little objective science to prove that any of this works.‚Äù"
Neutral,conservative,@HateantifaANDblmFuckstsinsANDallyouliberalJitstain,LOCKDOWNS DANGER TO LEAVE YOUR HOUSE OR STAY IN YOUR HOUSE FROM CRIMINALS  GUN TAXES IF THIS AINT WAR THEN ALL THE EXPERTS NEED TO TELL ME WHEN TO START WORRYING
Neutral,conservative,@DonWhitakerTrump2020,"Boycott dictatorship governors lockdowns, open all businesses even if they say close, don‚Äôt wear stupid mask. Fight Back"
Neutral,conservative,@Gregor51,"With A Biden presidency, lockdowns and unemployment coupled with massive tax increases will result in a massive crime wave here in America, be ready patriots."
Neutral,conservative,@Joeybrooklyn1776,Jim Jordan on New COVID Lockdowns: ‚ÄòThis Is as Wrong as It Gets‚Äô    #MAGA #KAG2020 #WWG1WGA #AMERICAFIRST  #TRUMP2020 #Wolverines #WakeUpAmerica #SaveTheRepublic #StopTheSteal #FightBack
Neutral,conservative,@Buckeylady,"Did you know that the lockdowns have killed more people by unemployment, poverty, isolation, depression, drug abuse,¬†suicide, etc. than the Covid19 virus? And the Dems want to keep them going!!!"
Neutral,conservative,@inknfishn,There were demonstrations like this all over the state. Gavin tried to get his restraining order sustained for 2 weeks right before he commanded these dumbass lockdowns again. What in gods name did he have planned?!?!?!
Neutral,conservative,@Jessecalloway0220,"Isn‚Äôt it funny how liberals are calling President Trump a dictator, yet they are the ones going full Fidel Castro when it comes to these state lockdowns. Idiots."
Neutral,conservative,@hucortezz,"New Jersey Democrat Dictator Governor Murphy given a fine New Jersey ""How Ya Doin"" Ripping, while dining, no masks. Fuck You and your lockdowns, You Prick."
Neutral,conservative,@flintbedrock,"BUFFALO NY: Business Owners Stand Up, Fight back and Kick out Sheriff & Health Dept !üôå Chant ‚ÄúWE WILL NOT COMPLY‚Äù  ‚ûñIf every biz owner would do this lockdowns would be over"
Neutral,conservative,@flintbedrock,"BUFFALO NY: Business Owners Stand Up, Fight back and Kick out Sheriff & Health Dept !üôå Chant ‚ÄúWE WILL NOT COMPLY‚Äù  ‚ûñIf every biz owner would do this lockdowns would be over"
Neutral,conservative,@flintbedrock,"BUFFALO NY: Business Owners Stand Up, Fight back and Kick out Sheriff & Health Dept !üôå Chant ‚ÄúWE WILL NOT COMPLY‚Äù  ‚ûñIf every biz owner would do this lockdowns would be over"
Neutral,conservative,@flintbedrock,"BUFFALO NY: Business Owners Stand Up, Fight back and Kick out Sheriff & Health Dept !üôå Chant ‚ÄúWE WILL NOT COMPLY‚Äù  ‚ûñIf every biz owner would do this lockdowns would be over"
Neutral,conservative,@BethSilver8,"Do unto thee, but not for me. The ruling Democrat Party DOES NOT OBEY THEIR OWN RESTRICTIONS ex Governors of NY, CA, MI, NJ and VA üò°üò°üò°üò°üò°üò°üò° #lockdowns #maga2020 üôèüèª‚ù§Ô∏èüíôü§çüá∫üá∏"
Neutral,conservative,@Bigshow,That California governor is full of shit. He wants lockdowns to kill the economy in California because deep state told him to shut down. That Governor doesn‚Äôt care about anyone in California.
Neutral,conservative,@flintbedrock,"BUFFALO NY: Business Owners Stand Up, Fight back and Kick out Sheriff & Health Dept !üôå Chant ‚ÄúWE WILL NOT COMPLY‚Äù  ‚ûñIf every biz owner would do this lockdowns would be over"
Neutral,conservative,@FreeAmericanPatriots,"NAZIS disarmed the civilians first, so did N. Korea, China, Cuba, Venezuela, etc. The lockdowns have ONE ultimate goal. Door to door confiscation of guns. Yup."
Neutral,conservative,@Alexpigeon,Lockdowns = Big brother  Contact tracing = Big brother  Mandatory vaccines = Big brother  Digital currency = Big brother  Mark of the beast = End times
Neutral,conservative,@flintbedrock,"BUFFALO NY: Business Owners Stand Up, Fight back and Kick out Sheriff & Health Dept !üôå Chant ‚ÄúWE WILL NOT COMPLY‚Äù  ‚ûñIf every biz owner would do this lockdowns would be over"
Neutral,conservative,@flintbedrock,"BUFFALO NY: Business Owners Stand Up, Fight back and Kick out Sheriff & Health Dept !üôå Chant ‚ÄúWE WILL NOT COMPLY‚Äù  ‚ûñIf every biz owner would do this lockdowns would be over"
Neutral,conservative,@flintbedrock,"BUFFALO NY: Business Owners Stand Up, Fight back and Kick out Sheriff & Health Dept !üôå Chant ‚ÄúWE WILL NOT COMPLY‚Äù  ‚ûñIf every biz owner would do this lockdowns would be over"
Neutral,conservative,@flintbedrock,"BUFFALO NY: Business Owners Stand Up, Fight back and Kick out Sheriff & Health Dept !üôå Chant ‚ÄúWE WILL NOT COMPLY‚Äù  ‚ûñIf every biz owner would do this lockdowns would be over"
Neutral,conservative,@flintbedrock,"BUFFALO NY: Business Owners Stand Up, Fight back and Kick out Sheriff & Health Dept !üôå Chant ‚ÄúWE WILL NOT COMPLY‚Äù  ‚ûñIf every biz owner would do this lockdowns would be over"
Neutral,conservative,@16000dv,"‚ÄòFreedom Pass, Please‚Äô: Boris to Introduce Covid Passports as More Lockdowns Loom Welcome to Joe Biden‚Äôs America... ‚ÄúYour papers, please?‚Äù We are at War. Take no Prisoners."
Neutral,conservative,@DawgFerale,"I‚Äôm NOT a proponent of masks, I don‚Äôt support their use & I don‚Äôt support the manner in which we‚Äôve been duped over this virus. When lockdowns were first discussed, I was against them, & was & still am against mandated use of masks."
Neutral,conservative,@DrAnaM,"COVID lockdowns and masking and the illusion of asymptomatic spead: Complete disinformation campaign... And the scientists who contributed to these political decisions KNEW it was false information, before these Nature study came out... its called common sense!"
Neutral,conservative,@16000dv,"It begins: The Biden border surge, and too bad about the COVID lockdowns - American Thinker Welcome to Joe Biden‚Äôs America. Ain‚Äôt Democratic Socialism Great? Just remember... YOU VOTED FOR THIS."
Neutral,conservative,@Hollisterskopps,Forced vaccinations to participate in your Globohomo consumer lifestyle. Endless lockdowns and idiotic mask wearing. Most people capitulated to this new medical tyranny instantly. The west is dying because of this weakness.  #covid19 #plandemic #tyranny
Neutral,conservative,@darrengrimes,"MPs are set to get a pay increase, recommended by the independent watchdog that was set up after the expenses scandal. They must, at a time when contemplating passing pay constraints and job-destroying lockdowns, practice what they preach by legislating to reject it."
Neutral,conservative,@irondog,Lockdowns people still getting sick. Wear mask people still getting sick. We cant hide forever we need to go back to work. I've worked straight through all this except for the 15 days to stop the curve.
Neutral,conservative,@Amplifier2003,"Just another power drunk hypocrite doing what he does best. He destroyed small businesses but makes exemptions for Hollywood elites. Democrat is the new Communist. California Exempts Hollywood Movie Studios From COVID Lockdowns, Restrictions - National File"
Neutral,conservative,@crankeyoldguy,"The democrat flash bang grenade effect is designed to put everyone in a stupor to follow without question. If Bill Gates vaccine is a satanic tool, and by not taking it and quitting the lockdowns and masks we will be okay, what is the operation warp speed vaccine for?"
Neutral,conservative,@Daveclarkmail,"Waffle House‚Äôs Stand Against Lockdowns Is Exactly What America Needs‚ÄîAlmost - Foundation for Economic Education  ""None of the people who make the decisions to shut down businesses and impact people's livelihoods ever have their own livelihood impacted,"" Ehmer recently told Business Insider."
Neutral,conservative,@ATPL34,This has 100% merit in my opinion.  I know people who are now subject to lockdowns from 10 pm until 5 am. WTH. Does the rona have a watch that says ramp up infections between those hours. Give me a break! This is a scam ppl. It‚Äôs time to call BS against everyone who‚Äôs pushing this $hit.
Neutral,conservative,@Gabriel7612,To all my fellow Americans who are living in these states with tyrannical governors that have made unlawful lockdowns and or restrictions. Its time for all of you Americans to join together and remind these tyrants who they work for. WE THE PEOPLE are the ones they work for not the other way around. Its time to take our country back and make these tyrants pay for there crimes.
Neutral,conservative,@Douginsmith,"For nearly a year, Democrats and left-wing academics who claim to know all about COVID-19 ‚Äúscience‚Äù have been telling us fairy tales like all masks work, perpetual lockdowns are good and don‚Äôt cause additional harm, and President Donald Trump didn‚Äôt lift a finger in response to the pandemic."
Neutral,conservative,@Alice007,"Get this out Patriots! We must fight these ridiculous lockdowns! In LA county 10m people In 8 months only 3.5% of the population has gotten it. Death rate is .075%. THIS DOES NOT ADD UP!  Pandemic is Over"" - Former Pfizer Chief Science Officer Says ""Second Wave"" Faked On False-Positive COVID Tests | Zero Hedge"
Neutral,conservative,@2xtap,"Invite your neighbors and friends and people you know whore isolated. This is the Thanksgiving to be together and say ""fuck that shit!"" To the governors who want to isolate you, muzzle you, socially distance you, and keepyou silent and under their control. THROW A THANKSGIVING PARTY FOR YOUR NEIGHBORHOOD!!!! GET TOGETHER, HUG, LAUGH, SING, PRAY, AND WELCOME THE SEASON. ...REFUSE TO BE CONTROLLED BY THE CORRUPT DEMOCRATIC LOCKDOWNS!!!"
Neutral,conservative,@Douginsmith,"With the Wuhan coronavirus (COVID-19) pandemic lockdowns being used to crush the economy, hunger has driven tens of thousands of New Yorkers to line up outside food banks and soup kitchens. In a recent report, the New York Times said that the number of people facing hunger in New York City (NYC) could be upwards of 1.5 million. FEMA camps to follow !"
Neutral,conservative,@Happysavage999,"I agree with Medically assisted suicide if the person is in the final stages of a fatal condition that is, or soon will, result in extreme levels of suffering, IF the person has been found mentally competent. Access to assisted suicide for the mentally ill is unethical, and immoral. But I swore an oath to save lives. Starting to resemble eugenics, if you add in the aggressive mistreatment and suffering of the elderly because of lockdowns. But that's just a thought. I hope. #postmillenial #billc7 #assistedsuicide #mentallyill #accesstoeuthanasia #immoral #unethical #quebec #cdnpoli #cdnpolitics #canadianpolitics"
Neutral,conservative,@DiaNik1,"I sent our local #healthdepartment a fact based article on #thegreatbarringtondeclaration and this is what they responded with. Mind you, our health department doesn‚Äôt even have a medical doctor in their panel. They have ONE nurse. This rogue group of 10 think they know more than over 8 THOUSAND medical doctors and scientists. Talk about arrogant. These people are on major political power trips and they are enforcing lockdowns bc they think they can. They are empowered by the sheep who praise them on trying to ‚Äúkeep us safe.‚Äù You cannot outrun a virus. It‚Äôs not going to just go away."
Neutral,conservative,@DarvinDanks,"When lockdowns first hit back in March I warned people on Twitler and Farcebook it was all a scam so they could enforce mail in ballots and steal the election. Awfully suspicious the virus knew it was an election year. I questioned how the virus had learned the human measurement system. It somehow knew the difference between 6 feet and 6 feet 2 inches. I was banned and suspended and ‚Äúfact checked‚Äù . I was right. I knew it then, I know it now. If you can go to Walmart, you can go to church and you can vote in person. If we all resist , they will have to cave. There are way more of us than them."
Neutral,conservative,@ARHall,"The hoax of all hoaxes, and all the sheep keep jumping over the blade of grass that frightened the first sheep. *** ‚Äú‚Äú...John Zmirak presciently writes in The Stream, we are being schooled to acquire a condition of learned helplessness, ‚Äúcharacterized by three main features: a passive response to trauma, not believing that trauma can be controlled, and stress. Our political masters on the left are using ‚Äúthe virus as the pretext for a¬†Great Reset, stripping citizens throughout the West of their traditional liberties, especially private property rights.¬†Why else impose on us useless lockdowns, despite the plummeting number of virus deaths?‚Äù..."
Neutral,conservative,@goldenkrab,"My two cents. Rant. We all have been watching the islamification of Europe, Canada and the USA. With the economy on the skids, lockdowns everywhere, deficits exploding, and resource scarcity, we are spending huge amounts of resources fighting a culture that is not compatible with western values. As a western society, we are financing our own collapse. Paying to import immigrants, paying to house them, paying for their crime sprees- both monetarily and socially. There is a lot of trouble to come. As government budgets are tightened and the bribes to our politicians lessen, welfare budgets shrink, the excessive printing of money, and the defunding of police, we are creating a downward spiral from which western society will not recover."
Neutral,conservative,@1Surfaben,"CCPjoe CONCEDE NOW before you're found guilty of ELECTION FRAUD, you did NO CAMPAIGNING & SPENT $1.2Billion dollars ON WHAT, PAY OFFS, BRIBES & VOTES FLIPPING machines with 40Million FRAUD BALLOTS DISTRIBUTIONS! President Trump is fighting all the way to the SCOTUS #KAG2020! So, the idiot CCPjoe hasn't even been certified AND HE NEVER WILL BE and already the LOCKDOWNS, NO HOLIDAYS, NO BUSINESSES, NO SCHOOLS....just no American allowed to live life FREE IS OVER? President Trump Won ELECTION BY LEGAL VOTES at 12Midnite on Nov3rd! WHO'S THE IDIOTS...those driving a car windows up by themselves & A STUPID MASK! WALKING OUTDOORS, NO ONE WITHIN 100' wearing their STUPID MASK! WAKE THE DUMB UP, ""if, you can't SD WEAR YOUR STUPID MASK"", use common sense IF YOU HAVE ANY LEFT or does CCP joe need to tell you to?"
Neutral,conservative,@1Surfaben,"CCPjoe CONCEDE NOW before you're found guilty of ELECTION FRAUD, you did NO CAMPAIGNING & SPENT $1.2Billion dollars ON WHAT, PAY OFFS, BRIBES & VOTES FLIPPING machines with 40Million FRAUD BALLOTS DISTRIBUTIONS! President Trump is fighting all the way to the SCOTUS #KAG2020! So, the idiot CCPjoe hasn't even been certified AND HE NEVER WILL BE and already the LOCKDOWNS, NO HOLIDAYS, NO BUSINESSES, NO SCHOOLS....just no American allowed to live life FREE IS OVER? President Trump Won ELECTION BY LEGAL VOTES at 12Midnite on Nov3rd! WHO'S THE IDIOTS...those driving a car windows up by themselves & A STUPID MASK! WALKING OUTDOORS, NO ONE WITHIN 100' wearing their STUPID MASK! WAKE THE DUMB UP, ""if, you can't SD WEAR YOUR STUPID MASK"", use common sense IF YOU HAVE ANY LEFT or does CCP joe need to tell you to?"
Neutral,conservative,@1Surfaben,"CCPjoe CONCEDE NOW before you're found guilty of ELECTION FRAUD, you did NO CAMPAIGNING & SPENT $1.2Billion dollars ON WHAT, PAY OFFS, BRIBES & VOTES FLIPPING machines with 40Million FRAUD BALLOTS DISTRIBUTIONS! President Trump is fighting all the way to the SCOTUS #KAG2020! So, the idiot CCPjoe hasn't even been certified AND HE NEVER WILL BE and already the LOCKDOWNS, NO HOLIDAYS, NO BUSINESSES, NO SCHOOLS....just no American allowed to live life FREE IS OVER? President Trump Won ELECTION BY LEGAL VOTES at 12Midnite on Nov3rd! WHO'S THE IDIOTS...those driving a car windows up by themselves & A STUPID MASK! WALKING OUTDOORS, NO ONE WITHIN 100' wearing their STUPID MASK! WAKE THE DUMB UP, ""if, you can't SD WEAR YOUR STUPID MASK"", use common sense IF YOU HAVE ANY LEFT or does CCP joe need to tell you to?"
Neutral,conservative,@1Surfaben,"CCPjoe CONCEDE NOW before you're found guilty of ELECTION FRAUD, you did NO CAMPAIGNING & SPENT $1.2Billion dollars ON WHAT, PAY OFFS, BRIBES & VOTES FLIPPING machines with 40Million FRAUD BALLOTS DISTRIBUTIONS! President Trump is fighting all the way to the SCOTUS #KAG2020! So, the idiot CCPjoe hasn't even been certified AND HE NEVER WILL BE and already the LOCKDOWNS, NO HOLIDAYS, NO BUSINESSES, NO SCHOOLS....just no American allowed to live life FREE IS OVER? President Trump Won ELECTION BY LEGAL VOTES at 12Midnite on Nov3rd! WHO'S THE IDIOTS...those driving a car windows up by themselves & A STUPID MASK! WALKING OUTDOORS, NO ONE WITHIN 100' wearing their STUPID MASK! WAKE THE DUMB UP, ""if, you can't SD WEAR YOUR STUPID MASK"", use common sense IF YOU HAVE ANY LEFT or does CCP joe need to tell you to?"
Neutral,conservative,@1Surfaben,"CCPjoe CONCEDE NOW before you're found guilty of ELECTION FRAUD, you did NO CAMPAIGNING & SPENT $1.2Billion dollars ON WHAT, PAY OFFS, BRIBES & VOTES FLIPPING machines with 40Million FRAUD BALLOTS DISTRIBUTIONS! President Trump is fighting all the way to the SCOTUS #KAG2020! So, the idiot CCPjoe hasn't even been certified AND HE NEVER WILL BE and already the LOCKDOWNS, NO HOLIDAYS, NO BUSINESSES, NO SCHOOLS....just no American allowed to live life FREE IS OVER? President Trump Won ELECTION BY LEGAL VOTES at 12Midnite on Nov3rd! WHO'S THE IDIOTS...those driving a car windows up by themselves & A STUPID MASK! WALKING OUTDOORS, NO ONE WITHIN 100' wearing their STUPID MASK! WAKE THE DUMB UP, ""if, you can't SD WEAR YOUR STUPID MASK"", use common sense IF YOU HAVE ANY LEFT or does CCP joe need to tell you to?"
Neutral,conservative,@ClassicalLibrarian,"2 Peter 3:9 The Lord is not slack concerning his promise, as some men count slackness; but is longsuffering to us-ward, not willing that any should perish, but that all should come to repentance. Our God is indeed ALWAYS right on time! There is a reason why he waits to take these devils out once and for all. Are you that reason? Is the Holy Spirit trying to get your attention?  Lockdowns and confinement are what the enemy intends for evil, but what if according to Genesis 50:20 God will use them for good? What if they are to quiet the distractions which have kept you blind, deaf and ignorant of your Savior who right now stands at the door and knocks?  Will you answer and invite him in that He may dine with you? Revelation 3:20 Embrace the stillness and the silence. Open the Word of God and your heart. Let the Lord speak to you in his Still Small Voice. Hear him say, ‚ÄúI love you with a fierce and everlasting love,‚Äù because He does!"
Neutral,conservative,@FlagUSA,"Great Barrington Declaration The Great Barrington Declaration is a statement drafted at the American Institute for Economic Research in Great Barrington, Massachusetts and signed there on 4 October 2020. It advocates an alternative, risk-based approach to the COVID-19 pandemic that involves ""Focused Protection"" of those most at risk and seeks to avoid or minimize the societal harm of the COVID-19 pandemic lockdowns. The declaration calls for individuals at significantly lower risk of dying from COVID-19 ‚Äì as well as those at higher risk who so wish ‚Äì to be allowed to resume their normal lives, working normally at their usual workplaces rather than from home, socializing in bars and restaurants, and gathering at sporting and cultural events. The declaration claims that increased infection of those at lower risk would lead to a build-up of immunity in the population that would eventually also protect those at higher risk from the SARS-CoV-2 virus."
Neutral,conservative,@Jbiophysics,"This is One of TWO ISSUES I have been on Dr Fat Tony Fauci/comrades at the NIH-Infectious Disease! The OTHER MAJOR ISSUES is when you have lockdowns, you force the virus to highly effect those poor and close quartered as BioWeapon appear optimized for building mass diffusion! WHY Air filtration is ignored so much for masks and social distancing. BC It defeats the purpose of the virus for transferring wealth to China if we stop the ANIMAL RESERVOIR from Mutating (Colorado(your city) bats different unless already infected?). Anyways, human-bat contact rare in the USA. The Gym cut to 10% capacity, masks(just cover the slave up) and NO AIR FILTRATION. Denver Health will not allow this virus to stop until the the Job to destroy Mom and Pop America and overtly control America with its Manchurian Communist Boyars(Gates/Cuban/Bezos/Musk...etc)."
Neutral,conservative,@AZCowboyConstitutionalist,"I‚Äôm going to post something very personal right now. Something that has been eating at me all year. I often post about my absolute disdain for mask wearers and COVID nazis. It‚Äôs for a reason. You see, My mother had screenings and doctor‚Äôs appointments and referrals rescheduled from Feb out to May and beyond BECAUSE OF COVID. In this time a marble size of appendix cancer spread to her stomach. It‚Äôs now the size of a softball and she has months to live. An MRI and appendix removal in March could gave saved her. Early detection, early cure. So yeah, I will never have any *** damned respect for any mask wearing, socially distancing sheeple, Karens because I‚Äôve seen what their irrational fear brings. It‚Äôs time to end this madness. We must end the curfews, the lockdowns and shuttering of businesses. We must give people back their right to travel, work and worship. We must treasure the time we have. We are nor in control of everything. It is God‚Äôs plan."
Neutral,conservative,@AZCowboyConstitutionalist,"I‚Äôm going to post something very personal right now. Something that has been eating at me all year. I often post about my absolute disdain for mask wearers and COVID nazis. It‚Äôs for a reason. You see, My mother had screenings and doctor‚Äôs appointments and referrals rescheduled from Feb out to May and beyond BECAUSE OF COVID. In this time a marble size of appendix cancer spread to her stomach. It‚Äôs now the size of a softball and she has months to live. An MRI and appendix removal in March could gave saved her. Early detection, early cure. So yeah, I will never have any *** damned respect for any mask wearing, socially distancing sheeple, Karens because I‚Äôve seen what their irrational fear brings. It‚Äôs time to end this madness. We must end the curfews, the lockdowns and shuttering of businesses. We must give people back their right to travel, work and worship. We must treasure the time we have. We are nor in control of everything. It is God‚Äôs plan."
Neutral,conservative,@HenHouse0204,"‚ÄòYou‚Äôre Such a D*ck!‚Äô ‚Äì Maskless NJ Gov. Phil Murphy Confronted About Covid Lockdown, Masks While Dining Out with His Family (VIDEO) üòÇüòÇüòÇüòÇüòÇüòÇüòÇüòÇüòÇüòÇüòÇüòÇüòÇüòÇüòÇüòÇüòÇüòÇüòÇüòÇüòÇüòÇüòÇüòÇüòÇüòÇüòÇüòÇ"
Neutral,conservative,@JoeFreedomLover,"'You're Such a D*ck!' - Maskless NJ Gov. Phil Murphy Confronted About Covid Lockdown, Masks While Dining Out with His Family (VIDEO)"
Neutral,conservative,@DeplorableGrannyRI,"'You're Such a D*ck!' - Maskless NJ Gov. Phil Murphy Confronted About Covid Lockdown, Masks While Dining Out with His Family (VIDEO)"
Neutral,conservative,@BobDiamond,"#Business_owners in Buffalo, New York, fed up with Cuomo‚Äôs authoritarian Covid lockdown orders, shouted down and #kicked_out the #health_inspector and the told the sheriffs to come back with a warrant."
Neutral,conservative,@BobDiamond,"#Business_owners in Buffalo, New York, fed up with Cuomo‚Äôs authoritarian Covid lockdown orders, shouted down and #kicked_out the #health_inspector and the told the sheriffs to come back with a warrant."
Neutral,conservative,@Ealtima09,Democrat Governor‚Äôs New Shutdowns Are Reversing Economic Recovery - Freedom News Report #STOPTHECORRUPTION
Neutral,conservative,@HighTechRedNeck,"There are worse things tgan dying from COVID. Living in a country with an overbearing government AND A BUNCH OF PUSSY COUNTRYMEN who obey them without question. Fuck your masks, fuck your shutdowns AND FUCK YOU DEWINE."
Neutral,conservative,@Jillosophy,"Rats Taking Over Central Park, NYC in the Coronavirus Lockdown"
Neutral,conservative,@Joecarusin1,No lock down
Neutral,conservative,@Joecarusin1,No lock down
