Negative,conservative,@claudiaRtist,#thanksgiving #covid19fear #endthelockdown #democratsaredestroyingamerica
Negative,conservative,@Americas1776,The Hypocrisy! California Governor Gavin Newsom has been demanding people stay indoors and cancel holidays but meanwhile he was recently seen celebrating a birthday over dinner at a restaurant.  Truly disturbing to see these governors going against restrictions they put into place. This is all about control over the public.  #covid19hoax #liberalhypocrisy #covid #governor #liberalsmustgo #lockdown #maga #california #trump2020 #endthelockdown #covidrestrictions
Negative,conservative,@Chiaramonte,Who can explain this one?  With the second wave of lockdowns starting to roll in. I know for my state Big Gretch is trying to push us around again. Many people I know are not going to stand for it.  We know the virus is real.  We know we all have a risk.  But don‚Äôt tell us we can‚Äôt see our family for the holidays. That‚Äôs our call as a family to decide if the risk of being sick is worth it or not.  Not the Governments job. It‚Äôs ours.  #michiganlockdown  #covid19  #endthelockdown  ECHO IF YOU AGREE!
Negative,conservative,@JimJordan,Democrats: ‚ÄúNo Thanksgiving this year.‚Äù President Trump: ‚ÄúNo more lockdowns.‚Äù
Negative,conservative,@Drlnunno,#stopthelockdowns
Negative,conservative,@bestsparklegirl,Gov. Ron DeSantis‚Äô Office Vows No Lockdown in Florida
Negative,conservative,@bestsparklegirl,Gov. Ron DeSantis‚Äô Office Vows No Lockdown in Florida
Positive,conservative,@JoanieTXPatriot,So Governor Newsom isn't afraid to go out but telling everyone else to stay home??
Positive,conservative,@buskirk,"The Biden-Harris Team is already talking about 4-6 weeks of new national lockdowns if they take office.  Remember when it was 2 weeks to slow the spread?  Remember when if you just wore a mask, we wouldn't have to lockdown? (We've had mask mandates for months) Remember when we just needed better treatments and a vaccine? (Regeneron is widely available & multiples vaccines will be available before inauguration day. China has a widely distributed vaccine already) But still...they want to lock you in your house, stop your life, keep you away from church and your loved ones.  No."
Positive,conservative,@buskirk,"The Biden-Harris Team is already talking about 4-6 weeks of new national lockdowns if they take office.  Remember when it was 2 weeks to slow the spread?  Remember when if you just wore a mask, we wouldn't have to lockdown? (We've had mask mandates for months) Remember when we just needed better treatments and a vaccine? (Regeneron is widely available & multiples vaccines will be available before inauguration day. China has a widely distributed vaccine already) But still...they want to lock you in your house, stop your life, keep you away from church and your loved ones.  No."
Positive,conservative,@DiamondAndSilk,California Law-Makers Busted For Jetting Off To Lavish Hawaii Getaway ‚Äî Despite Insisting People Stay At Home........
Positive,conservative,@DiamondAndSilk,California Law-Makers Busted For Jetting Off To Lavish Hawaii Getaway ‚Äî Despite Insisting People Stay At Home........
Positive,conservative,@DiamondAndSilk,California Law-Makers Busted For Jetting Off To Lavish Hawaii Getaway ‚Äî Despite Insisting People Stay At Home........
Positive,conservative,@DiamondAndSilk,California Law-Makers Busted For Jetting Off To Lavish Hawaii Getaway ‚Äî Despite Insisting People Stay At Home........
Positive,conservative,@DiamondAndSilk,California Law-Makers Busted For Jetting Off To Lavish Hawaii Getaway ‚Äî Despite Insisting People Stay At Home........
Positive,conservative,@DiamondAndSilk,California Law-Makers Busted For Jetting Off To Lavish Hawaii Getaway ‚Äî Despite Insisting People Stay At Home........
Positive,conservative,@DiamondAndSilk,California Law-Makers Busted For Jetting Off To Lavish Hawaii Getaway ‚Äî Despite Insisting People Stay At Home........
Positive,conservative,@DiamondAndSilk,California Law-Makers Busted For Jetting Off To Lavish Hawaii Getaway ‚Äî Despite Insisting People Stay At Home........
Positive,conservative,@DiamondAndSilk,California Law-Makers Busted For Jetting Off To Lavish Hawaii Getaway ‚Äî Despite Insisting People Stay At Home........
Positive,conservative,@DiamondAndSilk,California Law-Makers Busted For Jetting Off To Lavish Hawaii Getaway ‚Äî Despite Insisting People Stay At Home........
Positive,conservative,@DiamondAndSilk,California Law-Makers Busted For Jetting Off To Lavish Hawaii Getaway ‚Äî Despite Insisting People Stay At Home........
Positive,conservative,@DiamondAndSilk,California Law-Makers Busted For Jetting Off To Lavish Hawaii Getaway ‚Äî Despite Insisting People Stay At Home........
Positive,conservative,@DiamondAndSilk,California Law-Makers Busted For Jetting Off To Lavish Hawaii Getaway ‚Äî Despite Insisting People Stay At Home........
Positive,conservative,@DiamondAndSilk,California Law-Makers Busted For Jetting Off To Lavish Hawaii Getaway ‚Äî Despite Insisting People Stay At Home........
Positive,conservative,@DiamondAndSilk,California Law-Makers Busted For Jetting Off To Lavish Hawaii Getaway ‚Äî Despite Insisting People Stay At Home........
Positive,conservative,@DiamondAndSilk,California Law-Makers Busted For Jetting Off To Lavish Hawaii Getaway ‚Äî Despite Insisting People Stay At Home........
Positive,conservative,@DiamondAndSilk,California Law-Makers Busted For Jetting Off To Lavish Hawaii Getaway ‚Äî Despite Insisting People Stay At Home........
Positive,conservative,@DiamondAndSilk,California Law-Makers Busted For Jetting Off To Lavish Hawaii Getaway ‚Äî Despite Insisting People Stay At Home........
Positive,conservative,@DiamondAndSilk,California Law-Makers Busted For Jetting Off To Lavish Hawaii Getaway ‚Äî Despite Insisting People Stay At Home........
Positive,conservative,@Im4him4ever,"I‚Äôm having Thanksgiving for as many as want to come, held indoors and they can come lock me up. Enough is enough! If you‚Äôre concerned about getting the virus then stay at home."
Positive,conservative,@EglKpr2,"There are many ingrates among the vocal anti-police minority. Remember that: MINORITY.. Defy ""Stay at Home"" orders to protest ingrates actions, since other protest gatherings are ignored relative to.  Use word of mouth and text messages among people you trust. STAY OFF ALL SOCIAL MEDIA.. NTolerantHetero"
Positive,conservative,@JHrusky,"Are any of you that support the masking, the lockdowns, the stay at home orders OK with these oligarchs who are commanding you and your family what to do but enjoying life for themselves? Is that a country you want to live in? Do you consider yourself 2nd class citizens who must follow a different and more draconian set of rules than these power-hungry mongrels do? Newsome in California. Pelosi in California. Pritzker in Illinois. Lightfoot in Illinois. and countless others."
Neutral,conservative,@GridlockQ721,Senator Grassley is in quarantine.
Neutral,conservative,@davecoolworld,This is the 1st time in history that healthy people have been quarantined.  This is a about control...nothing less.
Neutral,conservative,@AJCats,"Governor Newsom is allowed to have large, mask-less dinner parties but not everyone else in California?! He needs to quarantine himself from government office!"
Neutral,conservative,@Hhcollins3rd,"Quarantine restricts the movement of sick individuals. Imprisonment restricts the movementof healthy individuals. No more government imprisonment of innocent, healthy, productive free citizens!"
Neutral,conservative,@AbbyJohnsonOfficial,"It‚Äôs time for every church in America to defy lockdown, quarantine and any other orders related to this virus. People need to be in Church. They need to fellowship with other believers. They NEED hope. They need Jesus. Stop cowering to the government. Stand up and fight."
Neutral,conservative,@AbbyJohnsonOfficial,"It‚Äôs time for every church in America to defy lockdown, quarantine and any other orders related to this virus. People need to be in Church. They need to fellowship with other believers. They NEED hope. They need Jesus. Stop cowering to the government. Stand up and fight."
Neutral,conservative,@AbbyJohnsonOfficial,"It‚Äôs time for every church in America to defy lockdown, quarantine and any other orders related to this virus. People need to be in Church. They need to fellowship with other believers. They NEED hope. They need Jesus. Stop cowering to the government. Stand up and fight."
Neutral,conservative,@ColdHardTruth,"The number of cycles effects the result. Most real scientists say between 30 to 34 cycles is sufficient to return an accurate result of a person with active virus requiring attention/quarantine. Current testing is being done at 80 plus cycles that picks up fragments, or even inert COVID cells. There is no way of telling how many positive results being returned should actually have been negative!"
Neutral,conservative,@carpedonktum,"Just a friendly reminder that the FBI, CIA, and NSA have access to the realtime tracking of every phone connected to a network in America. They also have AI listening and transcribing everything that is picked up by the microphone whether you are using the phone or not. Big Tech knows more about you than your parents or your spouse. If COVID was actually a highly dangerous pandemic, they would know instantly who to quarantine. If they were serious about ending political violence, they could arrest EVERYONE planning ANYTHING in a weekend. If they cared about voter fraud, they could print off a list of everyone who committed it And if they cared about lowering crime they would have already made the world a safer and better place. They don't care about you, you are their means to power and wealth, you are a commodity not a consumer. Enjoy your day!"
Neutral,conservative,@carpedonktum,"Just a friendly reminder that the FBI, CIA, and NSA have access to the realtime tracking of every phone connected to a network in America. They also have AI listening and transcribing everything that is picked up by the microphone whether you are using the phone or not. Big Tech knows more about you than your parents or your spouse. If COVID was actually a highly dangerous pandemic, they would know instantly who to quarantine. If they were serious about ending political violence, they could arrest EVERYONE planning ANYTHING in a weekend. If they cared about voter fraud, they could print off a list of everyone who committed it And if they cared about lowering crime they would have already made the world a safer and better place. They don't care about you, you are their means to power and wealth, you are a commodity not a consumer. Enjoy your day!"
Neutral,conservative,@carpedonktum,"Just a friendly reminder that the FBI, CIA, and NSA have access to the realtime tracking of every phone connected to a network in America. They also have AI listening and transcribing everything that is picked up by the microphone whether you are using the phone or not. Big Tech knows more about you than your parents or your spouse. If COVID was actually a highly dangerous pandemic, they would know instantly who to quarantine. If they were serious about ending political violence, they could arrest EVERYONE planning ANYTHING in a weekend. If they cared about voter fraud, they could print off a list of everyone who committed it And if they cared about lowering crime they would have already made the world a safer and better place. They don't care about you, you are their means to power and wealth, you are a commodity not a consumer. Enjoy your day!"
Neutral,conservative,@carpedonktum,"Just a friendly reminder that the FBI, CIA, and NSA have access to the realtime tracking of every phone connected to a network in America. They also have AI listening and transcribing everything that is picked up by the microphone whether you are using the phone or not. Big Tech knows more about you than your parents or your spouse. If COVID was actually a highly dangerous pandemic, they would know instantly who to quarantine. If they were serious about ending political violence, they could arrest EVERYONE planning ANYTHING in a weekend. If they cared about voter fraud, they could print off a list of everyone who committed it And if they cared about lowering crime they would have already made the world a safer and better place. They don't care about you, you are their means to power and wealth, you are a commodity not a consumer. Enjoy your day!"
Neutral,conservative,@carpedonktum,"Just a friendly reminder that the FBI, CIA, and NSA have access to the realtime tracking of every phone connected to a network in America. They also have AI listening and transcribing everything that is picked up by the microphone whether you are using the phone or not. Big Tech knows more about you than your parents or your spouse. If COVID was actually a highly dangerous pandemic, they would know instantly who to quarantine. If they were serious about ending political violence, they could arrest EVERYONE planning ANYTHING in a weekend. If they cared about voter fraud, they could print off a list of everyone who committed it And if they cared about lowering crime they would have already made the world a safer and better place. They don't care about you, you are their means to power and wealth, you are a commodity not a consumer. Enjoy your day!"
Neutral,conservative,@carpedonktum,"Just a friendly reminder that the FBI, CIA, and NSA have access to the realtime tracking of every phone connected to a network in America. They also have AI listening and transcribing everything that is picked up by the microphone whether you are using the phone or not. Big Tech knows more about you than your parents or your spouse. If COVID was actually a highly dangerous pandemic, they would know instantly who to quarantine. If they were serious about ending political violence, they could arrest EVERYONE planning ANYTHING in a weekend. If they cared about voter fraud, they could print off a list of everyone who committed it And if they cared about lowering crime they would have already made the world a safer and better place. They don't care about you, you are their means to power and wealth, you are a commodity not a consumer. Enjoy your day!"
Neutral,conservative,@carpedonktum,"Just a friendly reminder that the FBI, CIA, and NSA have access to the realtime tracking of every phone connected to a network in America. They also have AI listening and transcribing everything that is picked up by the microphone whether you are using the phone or not. Big Tech knows more about you than your parents or your spouse. If COVID was actually a highly dangerous pandemic, they would know instantly who to quarantine. If they were serious about ending political violence, they could arrest EVERYONE planning ANYTHING in a weekend. If they cared about voter fraud, they could print off a list of everyone who committed it And if they cared about lowering crime they would have already made the world a safer and better place. They don't care about you, you are their means to power and wealth, you are a commodity not a consumer. Enjoy your day!"
Neutral,conservative,@carpedonktum,"Just a friendly reminder that the FBI, CIA, and NSA have access to the realtime tracking of every phone connected to a network in America. They also have AI listening and transcribing everything that is picked up by the microphone whether you are using the phone or not. Big Tech knows more about you than your parents or your spouse. If COVID was actually a highly dangerous pandemic, they would know instantly who to quarantine. If they were serious about ending political violence, they could arrest EVERYONE planning ANYTHING in a weekend. If they cared about voter fraud, they could print off a list of everyone who committed it And if they cared about lowering crime they would have already made the world a safer and better place. They don't care about you, you are their means to power and wealth, you are a commodity not a consumer. Enjoy your day!"
Neutral,conservative,@carpedonktum,"Just a friendly reminder that the FBI, CIA, and NSA have access to the realtime tracking of every phone connected to a network in America. They also have AI listening and transcribing everything that is picked up by the microphone whether you are using the phone or not. Big Tech knows more about you than your parents or your spouse. If COVID was actually a highly dangerous pandemic, they would know instantly who to quarantine. If they were serious about ending political violence, they could arrest EVERYONE planning ANYTHING in a weekend. If they cared about voter fraud, they could print off a list of everyone who committed it And if they cared about lowering crime they would have already made the world a safer and better place. They don't care about you, you are their means to power and wealth, you are a commodity not a consumer. Enjoy your day!"
Neutral,conservative,@carpedonktum,"Just a friendly reminder that the FBI, CIA, and NSA have access to the realtime tracking of every phone connected to a network in America. They also have AI listening and transcribing everything that is picked up by the microphone whether you are using the phone or not. Big Tech knows more about you than your parents or your spouse. If COVID was actually a highly dangerous pandemic, they would know instantly who to quarantine. If they were serious about ending political violence, they could arrest EVERYONE planning ANYTHING in a weekend. If they cared about voter fraud, they could print off a list of everyone who committed it And if they cared about lowering crime they would have already made the world a safer and better place. They don't care about you, you are their means to power and wealth, you are a commodity not a consumer. Enjoy your day!"
Neutral,conservative,@carpedonktum,"Just a friendly reminder that the FBI, CIA, and NSA have access to the realtime tracking of every phone connected to a network in America. They also have AI listening and transcribing everything that is picked up by the microphone whether you are using the phone or not. Big Tech knows more about you than your parents or your spouse. If COVID was actually a highly dangerous pandemic, they would know instantly who to quarantine. If they were serious about ending political violence, they could arrest EVERYONE planning ANYTHING in a weekend. If they cared about voter fraud, they could print off a list of everyone who committed it And if they cared about lowering crime they would have already made the world a safer and better place. They don't care about you, you are their means to power and wealth, you are a commodity not a consumer. Enjoy your day!"
Neutral,conservative,@carpedonktum,"Just a friendly reminder that the FBI, CIA, and NSA have access to the realtime tracking of every phone connected to a network in America. They also have AI listening and transcribing everything that is picked up by the microphone whether you are using the phone or not. Big Tech knows more about you than your parents or your spouse. If COVID was actually a highly dangerous pandemic, they would know instantly who to quarantine. If they were serious about ending political violence, they could arrest EVERYONE planning ANYTHING in a weekend. If they cared about voter fraud, they could print off a list of everyone who committed it And if they cared about lowering crime they would have already made the world a safer and better place. They don't care about you, you are their means to power and wealth, you are a commodity not a consumer. Enjoy your day!"
Neutral,conservative,@carpedonktum,"Just a friendly reminder that the FBI, CIA, and NSA have access to the realtime tracking of every phone connected to a network in America. They also have AI listening and transcribing everything that is picked up by the microphone whether you are using the phone or not. Big Tech knows more about you than your parents or your spouse. If COVID was actually a highly dangerous pandemic, they would know instantly who to quarantine. If they were serious about ending political violence, they could arrest EVERYONE planning ANYTHING in a weekend. If they cared about voter fraud, they could print off a list of everyone who committed it And if they cared about lowering crime they would have already made the world a safer and better place. They don't care about you, you are their means to power and wealth, you are a commodity not a consumer. Enjoy your day!"
Neutral,conservative,@flintbedrock,"Florida Gov. Ron DeSantis has vowed to not place the state on a second lockdown or issue a statewide mask mandate, despite many other states who have reinstated restrictions following COVID-19 surges."
Neutral,conservative,@ALX,Fauci: There is NO appetite for another lockdown. Then why are people still pushing lockdowns? Via  @TrishRegan
Neutral,conservative,@Jenny0,WHO rejects lockdowns. But Democrat Governors implement them anyways. #nomasks #lockdown #democratsaredestroyingamerica  #trump2020
Neutral,conservative,@Jenny0,WHO rejects lockdowns. But Democrat Governors implement them anyways. #nomasks #lockdown #democratsaredestroyingamerica  #trump2020
Neutral,conservative,@DaveRPh,"The COVID lockdowns were part of a multi-faceted attack on our election system by the Democrats. In most instances, the current lockdowns violate the US Constitution. Ask your Governor where the US Constitution mentions exceptions for 'pandemics'. Ask your Governor if they have scientific data to back up their plan. Data, not the opinions of some scientists. Opinions vary, data does not."
Neutral,conservative,@Ashtendiaries,#echo if you agree!! üó£‚ù§Ô∏èü§çüíô #covid #covid19 #coronavirus #lockdown #lockdowns #pandemic #fauci #fakenews #anthonyfauci #trump2020 #election2020 #2020election #voterfraud #cancelculture #twitter #facebook #china #trump #biden #joebiden #kamalaharris #bidenharris #trumppence #freespeech #usa #america #americafirst #draintheswamp #candaceowens #mybodymychoice #freedom #freedomofspeech
Neutral,conservative,@Cory74,"Today's COVID count in California w/ lockdowns: California / COVID-19 1.029 million total confirmed cases November 16, 2020 Yet Texas has relatively the same without lockdowns. Doesn't seem like we've identified what works best aside from one way destroys your life regarding the 100s of other elements surrounding life, liberty, & the pursuit of happiness."
Neutral,conservative,@Grbernauer2,With the rise in lockdowns
Neutral,conservative,@jamesleopold,"If lockdowns work so well, why would we need another?"
Neutral,conservative,@JimJordan,-Lockdowns -Mask police -Curfews  What about freedom?
Neutral,conservative,@JimJordan,-Lockdowns -Mask police -Curfews  What about freedom?
Neutral,conservative,@JimJordan,-Lockdowns -Mask police -Curfews  What about freedom?
Neutral,conservative,@GIMarco,#lockdowns #curfew #covid #bullshit #prison
Neutral,conservative,@DocZ1949,Why do we need lockdowns if face-masks work? Asking for a friend....
Neutral,conservative,@JimJordan,Don‚Äôt cancel Thanksgiving.  Don‚Äôt cancel Christmas.  Cancel lockdowns.
Neutral,conservative,@DiamondAndSilk,Wonder if the reason these Governors are pushing lockdowns could be to stop the courts from operating? Something to think about....
Neutral,conservative,@DiamondAndSilk,Wonder if the reason these Governors are pushing lockdowns could be to stop the courts from operating? Something to think about....
Neutral,conservative,@JimJordan,Don‚Äôt cancel Thanksgiving.  Don‚Äôt cancel Christmas.  Cancel lockdowns.
Neutral,conservative,@JimJordan,Don‚Äôt cancel Thanksgiving.  Don‚Äôt cancel Christmas.  Cancel lockdowns.
Neutral,conservative,@DiamondAndSilk,Wonder if the reason these Governors are pushing lockdowns could be to stop the courts from operating? Something to think about....
Neutral,conservative,@DiamondAndSilk,Wonder if the reason these Governors are pushing lockdowns could be to stop the courts from operating? Something to think about....
Neutral,conservative,@dmwlaw23,Hypocritical California lawmakers attend conference in Maui while common folks suffer through lockdowns.
Neutral,conservative,@DiamondAndSilk,Wonder if the reason these Governors are pushing lockdowns could be to stop the courts from operating? Something to think about....
Neutral,conservative,@DiamondAndSilk,Wonder if the reason these Governors are pushing lockdowns could be to stop the courts from operating? Something to think about....
Neutral,conservative,@DiamondAndSilk,Wonder if the reason these Governors are pushing lockdowns could be to stop the courts from operating? Something to think about....
Neutral,conservative,@DiamondAndSilk,Wonder if the reason these Governors are pushing lockdowns could be to stop the courts from operating? Something to think about....
Neutral,conservative,@DiamondAndSilk,Wonder if the reason these Governors are pushing lockdowns could be to stop the courts from operating? Something to think about....
Neutral,conservative,@EvanKilgore,When are Americans going to say enough is enough? Lockdowns should be over once and for all and they aren't going to end until we put out foot down.
Neutral,conservative,@DiamondAndSilk,Wonder if the reason these Governors are pushing lockdowns could be to stop the courts from operating? Something to think about....
Neutral,conservative,@DiamondAndSilk,Wonder if the reason these Governors are pushing lockdowns could be to stop the courts from operating? Something to think about....
Neutral,conservative,@DiamondAndSilk,Wonder if the reason these Governors are pushing lockdowns could be to stop the courts from operating? Something to think about....
Neutral,conservative,@DiamondAndSilk,Wonder if the reason these Governors are pushing lockdowns could be to stop the courts from operating? Something to think about....
Neutral,conservative,@JimJordan,Don‚Äôt cancel Thanksgiving.  Don‚Äôt cancel Christmas.  Cancel lockdowns.
Neutral,conservative,@JimJordan,Don‚Äôt cancel Thanksgiving.  Don‚Äôt cancel Christmas.  Cancel lockdowns.
Neutral,conservative,@DiamondAndSilk,Wonder if the reason these Governors are pushing lockdowns could be to stop the courts from operating? Something to think about....
Neutral,conservative,@JimJordan,Don‚Äôt cancel Thanksgiving.  Don‚Äôt cancel Christmas.  Cancel lockdowns.
Neutral,conservative,@DiamondAndSilk,Wonder if the reason these Governors are pushing lockdowns could be to stop the courts from operating? Something to think about....
Neutral,conservative,@Badlands3006,Every single Californian should be madder than hell about this. Say no to lockdowns! Protest 24/7 in front of satanist Newsome‚Äôs house.
Neutral,conservative,@DiamondAndSilk,Governors do not have the right to take away freedoms by choosing lockdowns for Americans instead of allowing Americans to make their own choice with therapeutic medicines or a vaccine!
Neutral,conservative,@DiamondAndSilk,Governors do not have the right to take away freedoms by choosing lockdowns for Americans instead of allowing Americans to make their own choice with therapeutic medicines or a vaccine!
Neutral,conservative,@go4gin,Heroic Dr. Scott Atlas Demands That 'People Rise Up' Against Next Round of COVID-19 Lockdowns - Big League Politics
Neutral,conservative,@DiamondAndSilk,Governors do not have the right to take away freedoms by choosing lockdowns for Americans instead of allowing Americans to make their own choice with therapeutic medicines or a vaccine!
Neutral,conservative,@DiamondAndSilk,Governors do not have the right to take away freedoms by choosing lockdowns for Americans instead of allowing Americans to make their own choice with therapeutic medicines or a vaccine!
Neutral,conservative,@go4gin,Heroic Dr. Scott Atlas Demands That 'People Rise Up' Against Next Round of COVID-19 Lockdowns - Big League Politics
Neutral,conservative,@DiamondAndSilk,Governors do not have the right to take away freedoms by choosing lockdowns for Americans instead of allowing Americans to make their own choice with therapeutic medicines or a vaccine!
Neutral,conservative,@DiamondAndSilk,Governors do not have the right to take away freedoms by choosing lockdowns for Americans instead of allowing Americans to make their own choice with therapeutic medicines or a vaccine!
Neutral,conservative,@DiamondAndSilk,Governors do not have the right to take away freedoms by choosing lockdowns for Americans instead of allowing Americans to make their own choice with therapeutic medicines or a vaccine!
Neutral,conservative,@DiamondAndSilk,Governors do not have the right to take away freedoms by choosing lockdowns for Americans instead of allowing Americans to make their own choice with therapeutic medicines or a vaccine!
Neutral,conservative,@DiamondAndSilk,"The left wing media, including Fox will never get us to believe that 77 million people voted to have more lockdowns and their livelihoods flattened!"
Neutral,conservative,@GrammyTammy10,"You're being asked to believe that 300,000 people are fleeing New York because they fear covid. Bullsh*t They're escaping the lockdowns, just like in Paris!"
Neutral,conservative,@DiamondAndSilk,"The left wing media, including Fox will never get us to believe that 77 million people voted to have more lockdowns and their livelihoods flattened!"
Neutral,conservative,@Cnorthupku,When will the people of this country realize that the people elected into government work for us. Mandating lockdowns and masks is unconstitutional. People need to stop acting like sheep.
Neutral,conservative,@DancrDave,All of these idiots pushing lockdowns due to the Wuhan Flu remind me of 2 Thessalonians 2:11: For this reason God sends them a powerful delusion so that they will believe the lie.
Neutral,conservative,@Halfdan,"Doctors from the Netherlands, Ireland, and other countries are filing lawsuits to stop lockdowns. PCR tests shouldn‚Äôt be used. Watch this video - it‚Äôs powerful! It needs to start trending!"
Neutral,conservative,@Halfdan,"Doctors from the Netherlands, Ireland, and other countries are filing lawsuits to stop lockdowns. PCR tests shouldn‚Äôt be used. Watch this video - it‚Äôs powerful! It needs to start trending!"
Neutral,conservative,@ElaineRump,Ignore all lockdowns and curfews Fight back democrats are trying to control us they are afraid of civil unrest this is the real reason  I sAy time to revolt make their fears come true
Neutral,conservative,@BillyBarrell,"Masks don‚Äôt work. Lockdowns don‚Äôt work. They know it. #GreatReset is designed to cause economic ruin, using #Chinavirus and Democrats.  Resistance is not futile. Do not give in. Liberty is at stake. Wake up America!!"
Neutral,conservative,@1Surfaben,"TAKE IT TO THE REAL SCOTUS...our Constitutional Justices are waiting! already Demoncrat governors are instituting LOCKDOWNS, NO HOLIDAYS, NO BUSINESSES, NO SCHOOLS...just no American allowed to live life FREE IS OVER? President Trump Won ELECTION BY LEGAL VOTES on Nov3rd!"
Neutral,conservative,@AJCats,"It feels like Mayor de Blasio is holding New Yorkers hostage with his lockdowns.  Coincidentally, there is currently an actual hostage situation in Queens with armed gunmen. Too bad law abiding citizens can‚Äôt have guns in NYC, just the criminals. Praying for everyone involved üôèüèª"
Neutral,conservative,@Brianbaja,"I want to believe Sidney and the other attorneys about proof, and it is blatantly obvious the election was a complete sham, but time is of the essence. What the hell are they waiting for? It is past time to release the evidence. Enough with the BS talk. Let‚Äôs see it, let‚Äôs go, end this Biden thinking he is President shit. Already lockdowns, Paris accord, open borders, and taking credit for the phenomenal job TRUMP did with the pandemic."
Neutral,conservative,@BillySpider,"Just imagine what panic will ensue if these MANDATORY artificial lockdowns are combined with internet blackouts? This is such an OBVIOUS time pick (right after US elections). They SEE we are about to DE-POWER the Dirty Democrat family cabal fuck-up's & are going to do √§nother""co-ordinated riot-push loose their lunch, but this time internationally, all at once in an orgy- fentanyl f-fest. We need to start moving these pronouners DOWN & eliminating their doper beta-lesbo-√§rmy. :) #MAGA2020"
Neutral,conservative,@BillySpider,"So sick of the Fake News & their Dirty Democrat Crime families DEFRAUDING CITIZENS by pushing unnecessary lockdowns, business & school closings based on positive test results ALONE, NOT DEATHS, like these ""concerned""ABORTIONISTS GIVEHIT ABOUT ""Lives "", while keeping their STUPID, FAT MOUTHS SHUT ABOUT """"""THEIR"""""" (pre-planned, pre-meditated) RIOTERS, LOOTERS & STREET SCUM ASSAULTER/MURDFERERS! THAT is ANOTHER clear reason Dirty Democrats are WORTHLESS SCUM & are getting REMOVED FROM POWER! :) #HelloDirtyDemocratScumComeAtMeScumReadyAndWaitingForYouScum #MAGA2020"
Neutral,conservative,@FrantzRadio,"I just signed the Great Barrington Declaration, and I am asking you to do the same. This declaration has been co-signed by over 46,000 physicians and scientists, along with nearly 650,000 concerned citizens, including me. This declaration, written by infectious disease specialists and epidemiologists, explains how much MORE dangerous mandatory lockdowns are to the public health than Covid-19 is. It calls for Focused Protection of the most vulnerable, and freedom for the general population, with an end goal of herd immunity.  Please click the link to read the declaration, then find the ""Click to Sign"" button."
Neutral,conservative,@Edlynn5,"If people are calling you ""careless"" or shaming you in any way for possibly having Thanksgiving, Christmas or New Years with your family because of Covid, ask them why they are virtue signaling.  If they say they aren't virtue signaling but are wanting to ""save lives"", consider asking them the following questions: 1. What are you doing to solve suicides and people now considering suicide who never have before? 2. What are you doing to protect the children stuck at home in abusive environments with no escape? 3. What are you doing to help those who are losing their business, job and livelihoods? 4. What are you doing to help the families who are going hungry over the holidays because of lost income, jobs and retirement? 5. What are you doing about the increased drug and alcohol addictions that are destroying lives because of the lockdowns? 6. What are you doing to help the increased domestic abuse  I CANT TAKE CREDIT FOR The post BUT READ THIS"
Neutral,conservative,@JohnTylerPatriot,It really is this simple.  @NYGovCuomo  has completely gutted and eviscerated New York State since 2010 and has only been blaming President Trump because the President turned off the Federal ATM machine that‚Äôs had been refilling Cuomos coffers every time he squandered the taxpayer‚Äôs money.  That is what the lockdowns are really about.  Make the people suffer.  Blame the President for withholding federal funds.  Steal an election to install Biden.  Open the Federal ATM to all Liberal States again.  Back to business as usual.  Watch how fast Covid disappears.  @ajcats @marklevinshow @ryanafournier @tuckercarlson @mariabartiromo @Liloudmajority @therealjameswoods @erictrump @donaldjtrumpjr @dbongino  @newsmax  @oann  @RepMattGaetz   @RepAndyBiggs   @RepLeeZeldin   @RepKevinMcCarthy   @RepLouieGohmert   @RepSteveScalise  @drgosar @reparrington @republicanchick @repdonbacon @reprickcrawford @nmalliotakis  #fakenews #thestormishere #thegreatawakening #releasethekracken #impeachcuomo #arrestcuomo #recountny
Neutral,conservative,@arnoldschultz228,"France to postpone unwinding of Covid lockdown, but gradual steps are in the works ‚Äì govt"
Neutral,conservative,@BakerDew,We already have had shutdowns it didn't work! Why do they think if we shutdown again it will be a magic cure?
Neutral,conservative,@Faithman47,DATE 11/17/2020 NEW SHUT DOWN ORDER IN DANE CNTY WISCONSIN PROOF RIGHT HERE!! CONTACT THE MAYORS OFFICE & SAY *** NO*** TO MORE SHUTDOWNS!!!
Neutral,conservative,@Dreamtodreamsf,Stop with the shutdowns!!! Enough is enough!! ECO ECO ECO ECO  Dr. Fauci‚Äôs Own Family Turns On Him ‚Äì Says They Can‚Äôt Stand Behind His Flip-Flopping on COVID ‚Äì Conservative Media
Neutral,conservative,@CraigTheTechTeacher,"""The COVE study includes more than 7,000 Americans over the age of 65. It also includes more than 5,000 Americans who are under the age of 65 but have high-risk chronic diseases that put them at increased risk of severe COVID-19, such as diabetes, severe obesity and cardiac disease. These medically high-risk groups represent 42% of the total participants in the Phase 3 COVE study."" #News #FakeNews #MSM #Media #SocialMedia #Politics #ArmyForTrump #Trump #Biden #Election #Moderna #COVID19 #COVID #Shutdowns #Vaccine"
Neutral,conservative,@CommunistsDeserveToDie,"Pakistan is receiving $25 million in a package supposedly aimed to help America get through the shutdowns; $15 million is going to ‚Äúdemocracy programs,‚Äù while another $10 million is being allocated towards unspecified ‚Äúgender programs.‚Äù After receiving $25 million in the first COVID stimulus, the Kennedy Center is receiving $40 million for operations, maintenance, and renovations. Unsurprisingly, several senators and representatives, including House Speaker Nancy Pelosi, D-Calif., and Senate Majority Leader Mitch McConnell, R-Ky., are on the board. The bill is quite preoccupied with diversity endeavors within the government. The Office of Diversity and Inclusion of the Appropriations Committee are receiving $1.5 million. Further, the bill gives national intelligence 180 days to demonstrate ‚Äúexercising hiring flexibilities‚Äù to ‚Äúassure quality and diversity of the workforce.‚Äù"
Neutral,conservative,@cctalk,I‚Äôm more worried about the never ending lock downs then catching the actual covid virus.
Neutral,conservative,@Eklektos44,"""What fraud? What errors? What mistakes. Nothing to see here, move a long. All hail President Dementia. Shut up and stay in your house conservatives!"" Here's the deal l. Fix the election, end the unconstitutional lock downs and Nanny State mandates! That or face an armed revolt. I don't give an crap which at this point, but the sheeple might!"
Negative,liberal,@anyaaa1312,The pro lifer argument for not wearing a mask is that they refuse to be told what to do by people who murder babies....well not wearing a mask murdered this woman's baby so now whats your argument for being murderous scumbags? #TrumpRally #trumptrain #maga #trump2020 #trump # covid #covidhoax #wearamask #nomasks #abortion #prolife #prochoice
Negative,liberal,@anyaaa1312,The pro lifer argument for not wearing a mask is that they refuse to be told what to do by people who murder babies....well not wearing a mask murdered this woman's baby so now whats your argument for being murderous scumbags? #TrumpRally #trumptrain #maga #trump2020 #trump # covid #covidhoax #wearamask #nomasks #abortion #prolife #prochoice
Positive,conservative,@Gary4trump,"PLANNED DEMIC!!  Wake up America you‚Äôve been played! Big Pharma, demo fascist, MSM fake news beating the drums of fear! Why do you think Nancy Pelosi didn‚Äôt wear a mask at the hair studio? Why do you think Diane Feinstein was not wearing a mask at the airport or at the capital? Why do you think Governor Cuomo wasn‚Äôt wearing a mask? Why do you think Fredo from CNN didn‚Äôt have a mask on when he was getting his haircut? Why do you think Gavin Newsom was not wearing a mask at his private dinner party of 12 good friends closely together? Drop the Muzzle!"
Negative,conservative,@Beekeeper420,"I can only shop at two stores because I will not wear a mask. I am so afraid that they will refuse me soon as well. Please, everyone, we must stop complying with the lies.  If you are healthy take off the masks. Please."
Positive,conservative,@flowerchildokie1958,"It's obvious to those with Thinking Caps that this is an obvious mark of obedience to (what shall I call them?) those in charge. They've proven that current masks don't work (N95 works maybe) and the virus (though not as deadly as many other common diseases) is not airborne. Wear a masks to prove you believe ""Them""."
Positive,conservative,@Johncooke06,Karsten Hilse is a member of AfD and a German politician working in the Bundestag. He is also a former police officer. Here is a video of him being taken down by German police because he refused to wear a mask. German police didn‚Äôt accept his doctors note stating he doesn‚Äôt need to wear a mask.  @Simonlaur76   @TommyRobinson Cc
Positive,conservative,@Johncooke06,Karsten Hilse is a member of AfD and a German politician working in the Bundestag. He is also a former police officer. Here is a video of him being taken down by German police because he refused to wear a mask. German police didn‚Äôt accept his doctors note stating he doesn‚Äôt need to wear a mask.  @Simonlaur76   @TommyRobinson Cc
Positive,conservative,@DylanWheeler511,Many of the comments in my last post are by Trump supporters calling me a liar & saying Trump never said it was patriotic to wear a mask..... And when I try to send them this picture @Parler says that ‚Äúspamming isn‚Äôt permitted.‚Äù  What the heck.
Positive,conservative,@JenniferLThomas21,"Any of my fellow Fishers, Indiana residents frustrated with the Fishers Health Department? They are now trying to mandate who I can have at my house, telling me to wear a mask in my own house, and ruining our kids education by promoting fear. Anyone else feel this way?"
Positive,conservative,@DioMetalHead,"Signet Jewelers, owners of Jared, Kay and Zales forced me onto medical leave because I cannot medically wear a mask, I have an exemption, they have not paid me for three full months!!! Boycott all Signet companies!!! They even refused my unemployment! They are a horrible politically correct company!"
Positive,conservative,@cystokyd,"more people are wearing masks and the virus is supposedly escalating, so what do these tyrannical Governors do issue more restrictive mask mandates. Im amazed at how easily people can be led. They truly are sheeple"
Positive,conservative,@abstracker,"Watch and echo!  This is what will be happening here as the government starts ordering the police to enforce mask mandates, and how many people can assemble. There are enough problems with defunding the police. We don't need this!"
Positive,conservative,@brittanywalker,"SEMINOLE COUNTY PARENTS: The #SeminoleCounty School Board meeting is TODAY! I‚Äôll be arriving 30 minutes early (5:00PM) with nearly 2 dozen other parents to demand immediate rescission of mask mandates on our children. PLEASE join us if you‚Äôre local. üôèüèº The only way this stops, is if we SHOW UP & SPEAK UP!"
Positive,conservative,@buskirk,"The Biden-Harris Team is already talking about 4-6 weeks of new national lockdowns if they take office.  Remember when it was 2 weeks to slow the spread?  Remember when if you just wore a mask, we wouldn't have to lockdown? (We've had mask mandates for months) Remember when we just needed better treatments and a vaccine? (Regeneron is widely available & multiples vaccines will be available before inauguration day. China has a widely distributed vaccine already) But still...they want to lock you in your house, stop your life, keep you away from church and your loved ones.  No."
Positive,conservative,@buskirk,"The Biden-Harris Team is already talking about 4-6 weeks of new national lockdowns if they take office.  Remember when it was 2 weeks to slow the spread?  Remember when if you just wore a mask, we wouldn't have to lockdown? (We've had mask mandates for months) Remember when we just needed better treatments and a vaccine? (Regeneron is widely available & multiples vaccines will be available before inauguration day. China has a widely distributed vaccine already) But still...they want to lock you in your house, stop your life, keep you away from church and your loved ones.  No."
Positive,conservative,@CRHIrishguy,"Still waiting on evidence that masks work on stopping or slowing down the ""China Virus"". In the meantime keep your masks on, especially when driving. Don't ask questions! It's imperative that you believe everything the CDC, the WHO, Dr. Fauci, your Democrat Governor's & state Secretary of Health, CNN, & the newly transitioning fraudulent Biden administration tells you. It's important that you comply for everyone's health and well-being. Remember, if one mask can save just one life it's worth it! Don't be selfish!"
Positive,conservative,@DocZ1949,Why do we need lockdowns if face-masks work? Asking for a friend....
Positive,conservative,@Bnddriver,99.9% recover from Covid-19... it is like the flu.... it will never go away completely so you better get use to living with it. Also... if masks work why are people still getting it? Just live your life and take the precautions think you need but the rest of us don‚Äôt need to bullied by a government... it‚Äôs my life... not the governments.
Negative,conservative,@Jenny0,WHO rejects lockdowns. But Democrat Governors implement them anyways. #nomasks #lockdown #democratsaredestroyingamerica  #trump2020
Negative,conservative,@Jenny0,WHO rejects lockdowns. But Democrat Governors implement them anyways. #nomasks #lockdown #democratsaredestroyingamerica  #trump2020
Negative,conservative,@Hstorey78,üá∫üá∏üá∫üá∏ This has gone too far. States are now starting to mandate masks in your own home. We all need to stand up to this tyranny. #nomasks #covid19hoax #tyranny #resist #fightback
Negative,conservative,@AmericanFighter11,"Do as I say, not as I do. Gavin Newscum not wearing a mask despite the ridiculous new mandate he has put forth here in California. #recallgavinnewsom #gavinnewsom #recallgavin2020 #nomasks #covid19hoax #covid-19 #california #savecalifornia #californiacorruption"
Negative,conservative,@Amandaleee,‚Ä¢& I‚Äôm ok with losing those ‚Äúfriends‚Äù baaaa!  ‚úåüèª‚úåüèª‚úåüèª #trump #trump2020 #trumptrain #trumppence #redwave #redwave2020 #redpill #redpill2020 #maga #maga2020 #makeamericagreat #makeamericagreatagain #kaga #kaga2020 #keepamericagreat #keepamericagreatagain #praying #republican #republicans #draintheswamp #gop #usa #unitedstatesofamerica #trusttheplan #wakeupamerica #saveourchildren #savethechildren #voterfraud #recount #recount2020 #potus #parler #parlerusa #copslivesmatter #alllivesmatter #unity #unitednotdivided #backtheblue #supporttrump #scotus #stopthesteal #votersupression #4moreyears #protectthevote #allvotesmatter #sleepyjoe #byebyejoebiden #creepyjoe #saveamerica #legalvotesonly #notharris #notbiden #notmypedophile #wwg1wga #wwg1wgaworldwide #wwg1wga_worldwide #covid19 #nomasks #sheep #masksoff
Negative,conservative,@CamillaPuckett63,No masks! It's B.S.
Negative,conservative,@DotVanhorn,No mask required
Negative,conservative,@Buddysson619,"Cuomo the Homo wants to cancel your thanksgiving and now they want ur neighbors to rat you out if u have more then 10 people in ur home . Fook you Cuomo , I got a party of 30 showing up, my mandatory ,,, NO MASK POLICY  will be in effect"
Negative,conservative,@DigitalSwolljer,What an AMAZING time to be ALIVE & witness these HISTORIC TIMES. This Sunday 11/22/20 AMERICA will make a STAND for FREEDOM as we ALL Take the MASK OFF in every City & State! It‚Äôs time for #WeThePeople to send a message to the NWO.  üñïYou and your mask #NoMoreMasks #FYourMaskDay
Negative,conservative,@DigitalSwolljer,What an AMAZING time to be ALIVE & witness these HISTORIC TIMES. This Sunday 11/22/20 AMERICA will make a STAND for FREEDOM as we ALL Take the MASK OFF in every City & State! It‚Äôs time for #WeThePeople to send a message to the NWO.  üñïYou and your mask #NoMoreMasks #FYourMaskDay
Negative,conservative,@DigitalSwolljer,What an AMAZING time to be ALIVE & witness these HISTORIC TIMES. This Sunday 11/22/20 AMERICA will make a STAND for FREEDOM as we ALL Take the MASK OFF in every City & State! It‚Äôs time for #WeThePeople to send a message to the NWO.  üñïYou and your mask #NoMoreMasks #FYourMaskDay
Negative,conservative,@DeborahSampson,"Wake up people. If you're under one of these draconian orders, defy it. Take the damn mask off. They don't work. Read the package. Pastors, open your churches andif they arrest you and your parishioners, make damn sure someone is recording it. Blast to the world that worshippers are arrested for practicing their God-given, Constitutionally protected right while looters and savages who attack families go free."
Negative,liberal,@0mnipresent,Hey #covid19 #covid #covid19hoax #covidhoax #antimask #antimasker #antimaskers I have a message for you:
Negative,conservative,@Jenny0,Its here. What are we going to do about it. The great reset is coming. And it is not good for us. #stopthesteal #trump2020 #nomoremasks
Negative,conservative,@AmericanPatriot4life,"Feinstein, who pushed national mask mandate, seen maskless in public"
Negative,conservative,@GrohBro,"EVIDENCE: Vote Switching was caught on CNN AGAIN...share on all platforms, get this word out. #SheepNoMore #Dominion PA Vote Switching: Trumpüî¥1,690,589 - 1,670,631= 19,958 Bidenüîµ1,252,537 - 1,272,495= -19,958"
Negative,conservative,@Iamotter38,WholeArmorOfGod  This Is What #Happens To #Cheaters Like @JoeBiden ! #UNMASKING The #Criminals #Behind #Election #Coup #Attempt !
Negative,conservative,@Hirstified,"TONIGHT!  üí£BOMBSHELL about the 2020 election fraud, corona virus and vaccine information you don't want to miss! üö®EXCLUSIVE interview with author and entrepreneur  @theclayclark   You can find him on the @Thrivetimeshow and get his book ""Fear Unmasked""  Watch on facebook on Hirstified and  @newrightnetwork  .  You can also subscribe on NRNplus.com for more shows. Tonight 7p ET . . . #exclusive #expose #exposethetruth #bombshell #interview #show #podcast #youtube #media #fakenews #MSM #exposingthemedia #bhfyp #Trump #Trump2020 #stopthesteal #kraken #release #releasethekraken #fraud #fraud2020 #electionfraud #coronavirus #COVID19 #vaccines #5G #truth #shockingtruth"
Negative,conservative,@Davetone,"Because the Rona mask hoax is bullshit. Newsom is a fraud, Rona is a scam, with cure, and these people, the DNC and RINO crime cabal, need to be tried for treason."
Neutral,conservative,@DFBHarvard,"Demark scientists just published a study on Masks & COVID-19; Annals of Internal Medicine! NO DIFFERENCE BETWEEN COVID-19 INFECTIONS BETWEEN MASK-WEARERS & NON-MASK WEARERS. With increasing COVID cases & record-setting mask-wearing, this makes sense!"
Neutral,conservative,@Denn,"From Great Britain today; Dental schools have been open since the beginning of this COVID scare and have not had a single person get sick. The science from Cardiff shows a mouthwash ingredient, CETYLPYRIDINIUM, shows it can reduce COVID in your mouth.  The COVID virus bacteria is so small that the masks being worn cannot stop its spread. These masks are the same as putting up a chain link fence to stop mosquitos from entering your yard. The masks are about controlling people, not protecting them. Dr. Richard Bartlett, Texas Medical Advisor. Toss the mask and buy some Scope."
Neutral,conservative,@flintbedrock,Large scientific study of mask wearing in Denmark finally comes out: Mask wearing basically doesn‚Äôt do a damn thing. ‚ÄúStatistically insignificant‚Äù  Scientists quoted in the article: ‚Äúmask wearing is essential because we say so! SCIENCE!‚Äù
Neutral,conservative,@flintbedrock,Large scientific study of mask wearing in Denmark finally comes out: Mask wearing basically doesn‚Äôt do a damn thing. ‚ÄúStatistically insignificant‚Äù  Scientists quoted in the article: ‚Äúmask wearing is essential because we say so! SCIENCE!‚Äù
Neutral,conservative,@flintbedrock,Large scientific study of mask wearing in Denmark finally comes out: Mask wearing basically doesn‚Äôt do a damn thing. ‚ÄúStatistically insignificant‚Äù  Scientists quoted in the article: ‚Äúmask wearing is essential because we say so! SCIENCE!‚Äù
Neutral,conservative,@flintbedrock,Large scientific study of mask wearing in Denmark finally comes out: Mask wearing basically doesn‚Äôt do a damn thing. ‚ÄúStatistically insignificant‚Äù  Scientists quoted in the article: ‚Äúmask wearing is essential because we say so! SCIENCE!‚Äù
Neutral,conservative,@flintbedrock,Large scientific study of mask wearing in Denmark finally comes out: Mask wearing basically doesn‚Äôt do a damn thing. ‚ÄúStatistically insignificant‚Äù  Scientists quoted in the article: ‚Äúmask wearing is essential because we say so! SCIENCE!‚Äù
Neutral,conservative,@ACitizen,"To those people who think wearing a mask will prevent them from becoming infected with a virus: Ask yourself, would a person studying an infectious disease, especially one that is supposed to be deadly, go into a lab wearing the same kind of mask you are wearing? No? Why not? #masks #facemasks #chinavirus #coronavirus #covid19"
Neutral,conservative,@DFBHarvard,"ECHO THIS PLEASE! Denmark study just published in Annuals of Internal Medicine demonstrates NO DIFFERENCE IN COVID INFECTIONS BETWEEN MASK WEARERS & NON-MASK WEARERS! Nearly 95% of us wear masks, yet COVID-19 cases are exploding! Connect the DOTS!"
Neutral,conservative,@deplorabledosh,This is what your masks have done you stupid sheep. I told yall that the mask is the first step to the star of David. Our star of David will be an app or tattoo or paperwork saying we have been vaccinated or tested. The result will be the same...concentration camps and starving those who don't comply. KEEP WEARING THE MASKS YOU IDIOTS...THEY LITERALLY DO NOTHING TO STOP COVID.
Neutral,conservative,@ConservativeLibrarian,"Feinstein, Who Pushed For Nationwide Mask Mandate, Seen Mask-less In Public"
Neutral,conservative,@Cherokeeowl,Mask Voodoo - TRUTH!!!  Masks don‚Äôt work!  #the1776resistance2020  #masksdontwork  #gijoevets  #tn2  #co4djt  #cocass2
Neutral,liberal,@anyaaa1312,A woman miscarried her baby today from covid. She was wearing a mask but those around her chose not to. So wear a fucking mask because you're murdering babies.
Neutral,conservative,@404Lawman,"HERE COME THE MASK POLICE!!! PA gov announces new COVID rules, including wearing a mask in your house | Fox News"
Neutral,conservative,@JohnHawkins,"New study on wearing cloth face masks: protection is ‚Äústatistically insignificant‚Äù | Now I can say, ""Why do you hate science"" when I note that I don't think masks do anything to protect you from the coronavirus"
Neutral,conservative,@JohnHawkins,"New study on wearing cloth face masks: protection is ‚Äústatistically insignificant‚Äù | Now I can say, ""Why do you hate science"" when I note that I don't think masks do anything to protect you from the coronavirus"
Neutral,conservative,@JimScotty,"Effectiveness of Adding a Mask Recommendation to Other Public Health Measures to Prevent SARS-CoV-2 Infection in Danish Mask Wearers: A Randomized Controlled Trial: Annals of Internal Medicine: Vol 0, No 0"
Neutral,conservative,@ErikBarath,"Well, they did a massive mask study. Turns out, it decreases your chances of catching COVID by a massive .3%. : Large Danish RCT N-4900 of masking for prevention of C19 infection FAILED, rather predictably (given influenza RCTs) with a non-significant & clinically IRRELEVANT ‚Äú0.3%‚Äù absolute ‚Äúrisk reduction‚Äù. Published in preeminent internal medicine Ann Intern Med  #COVID #NEWS"
Neutral,conservative,@ColdHardTruth,"COVID testing is being done with the specific goal of showing massive infection rates.  The only way to control the population is with fear and fear mandated restrictions. Everywhere I go, every store, gas station, grocery store, or any place people gather, I see masks. Hell, it's actually strange to see someone without one any more. Private businesses are requiring them, public places are requiring them, and cooperation among the population appears to be very high. SO, IF MASKS ARE OUR BEST DEFENSE AGAINST COVID-19, WHY ARE WE SEEING THESE MASSIVE INFECTION NUMBERS?"
Neutral,conservative,@coffeeswirls,"Do not muzzle the human while it treads.  The masks. The masks have endangered a fundamental aspect of what it means to be human. We can't behold each other's uniqueness. We have become colder, less interactive, and distant. Humans were made for fellowship and intimacy. We weren't made to be muzzled for extended periods of time. We lose the ability to see the smiles and participate together with them. We lose the ability to see the sadness and enter into comfort with it. We have been trained to treat everyone we cross paths with as sickness and disease.  ""Stay away!"" ""Come no closer!"" ""Do not even breathe in my vicinity!"" ""Children, walk away around that family! They may be sick!"" We are told that this is all an effort to ""love our neighbors."" They even employ the emotion driven tactic of, ""What would Jesus do?"" That is actually a good question. What would He do? You can keep reading at Facebook if you follow Jeff Durbin. Strange that Parler won't allow me to link to this post..."
Neutral,conservative,@Ianfelpel,"Laws are made by legislators, and made authoritative once they are signed by governors. That‚Äôs what the constitution states. During this entire crisis, when have the legislators actually written laws that people need to socially distance and wear masks ‚Äî whether outside or in their own home with guests over ‚Äî and had them signed by governors? Answer: NEVER. Not one time. The nonsense coming from the PA Secretary of Health today was never written by legislators, nor signed off on. It‚Äôs coming directly from f√ºhrer Wolf in Harrisburg, whom last I knew has not returned to his office since March. His doors are shut, yet he CONTINUES TO BE PAID, giving edicts that have wreaked havoc for businesses and families in PA. It‚Äôs not just a mask. It‚Äôs unconstitutional, and PA residents need to know their rights, call or email their representatives now, and make their voices heard. #pennsylvania #impeachgovwolf #faithoverfear #covid19 #knowyourrights #corruption #wakeupamerica #ccpvirus"
Neutral,conservative,@JoeBidennotmyPresident,Where are the fucking masks?????
Neutral,conservative,@JimJordan,-Lockdowns -Mask police -Curfews  What about freedom?
Neutral,conservative,@JimJordan,-Lockdowns -Mask police -Curfews  What about freedom?
Neutral,conservative,@JimJordan,-Lockdowns -Mask police -Curfews  What about freedom?
Neutral,conservative,@americanshomer,South Korea to Fine People for Not Wearing Masks
Neutral,conservative,@Freekzilla,Did you know the mask you wear was made by children and was constructed on the floor?
Neutral,conservative,@Borovik,It's so stunning and brave to see libs wear masks alone in their cars
Neutral,conservative,@DiaNik1,Where can I find this mask? I want mine to say ‚ÄúVaChina‚Äù üòÇü§£
Neutral,liberal,@0mnipresent,"Wear your masks properly motherfuckers, 1000 Americans are dying every day."
Neutral,conservative,@Alaskared,THE MASK IS OFF: Kamala Harris Endorses Communism Two Days Out From Election Day (VIDEO)
Neutral,conservative,@JimScotty,Man dressed as giant rat takes subway mask requirement to new heights
Neutral,conservative,@Boonie79,Fuck a mask and fuck the media and the left for trying to control you. Wise up America. They work for us.......
Neutral,conservative,@allbeckyb,"Since when did Govs. in our Red States like TX, LA, AR and AL start being MASK dictators?"
Neutral,conservative,@GenZConservative1,Think your mask is completely useless? Mad at your governor's Covid policies? Then order one of these to show your displeasure!
Neutral,conservative,@Alpha1957,New Danish study reveals that wearing masks don‚Äôt stop the transmission of the coronavirus ‚Äì The Right Scoop
Neutral,conservative,@BuckeyeSIGI,Evil demented Cuomo doesn‚Äôt seem to fear bad COVID does he? Anyone see any masks around there?
Neutral,conservative,@americanshomer,"Photos Leak of Hypocrite Gavin Newsom's Lavish Mask-Free Birthday Dinner, As He Sets Authoritarian Orders for Your Thanksgiving"
Neutral,conservative,@Debbieddy0902,"Photos Leak of  Hypocrite Gavin  Newsom's Lavish  Mask-Free Birthday Dinner, As He Sets Authoritarian Orders for Your Thanksgiving"
Neutral,conservative,@AJCats,"Governor Newsom is allowed to have large, mask-less dinner parties but not everyone else in California?! He needs to quarantine himself from government office!"
Neutral,conservative,@Comegetum,"Gathering for me  Not for thee  üí©üí©üí©üí©üí© Photos Leak of Hypocrite Gavin Newsom's Lavish Mask-Free Birthday Dinner, As He Sets Authoritarian Orders for Your Thanksgiving"
Neutral,conservative,@FayewrayLw,People in healthcare are getting covid even with N95s on! A mask wont save you. Wash your hands. Use common sense. The government is not responsible for your health! #slipperyslopefromhere
Neutral,conservative,@DioMetalHead,LOL! ABC News just reported that masks do not inhibit oxygen intake in any way shape or form. Why would they feel the need to report that? Are they getting some heat from somewhere?
Neutral,conservative,@EglKpr2,"Looking for advice here: Can I take legal action against a person who ""Mask-Ratted"" me and caused a rukus in my doctor's waiting room..? Thank You..! I live in #BlueNevada Richard"
Neutral,conservative,@go4gin,YOUR business is closed and YOUR kids can‚Äôt go to school because we need to protect elderly mask hypocrites like Dianne Feinstein from Covid-19 ‚Äì twitchy.com
Neutral,conservative,@Cnorthupku,When will the people of this country realize that the people elected into government work for us. Mandating lockdowns and masks is unconstitutional. People need to stop acting like sheep.
Neutral,conservative,@Catmandu50,How ridiculous can you get!? They want us all to be compliant. This is a test. It ain't gonna happen GOOD LUCK ENFORCING THIS: Pennsylvania Mandating People Wear Masks Inside Their HOMES
Neutral,conservative,@Colachie,We are becoming a generation of weak men! Let‚Äôs start acting like Americans and throw the BS masks in the trash (science proves they are not effective) and open this country back up!!!! üá∫üá∏üá∫üá∏üá∫üá∏
Neutral,conservative,@Colachie,We are becoming a generation of weak men! Let‚Äôs start acting like Americans and throw the BS masks in the trash (science proves they are not effective) and open this country back up!!!! üá∫üá∏üá∫üá∏üá∫üá∏
Neutral,conservative,@AnotherDoug,Media this day. Scare scare scare Change guidelines on mask cv19 More testing more cases lockdown imminent  No Trump concession national security  Embarrassing to world challenges our authority
Neutral,conservative,@flintbedrock,"Florida Gov. Ron DeSantis has vowed to not place the state on a second lockdown or issue a statewide mask mandate, despite many other states who have reinstated restrictions following COVID-19 surges."
Neutral,conservative,@JimLin,This is all about control. Like Dr. Fauci said we just need to follow orders. He doesn't want us to question because we might find the truth. Wearing a mask or not has nothing to do with love so stop pushing the guilt trip.
Neutral,conservative,@DiamondAndSilk,"Americans are Fed Up. Lock-downs are unconstitutional.  Businesses & livelihoods are destroyed. Our country is looking like Communist China, starting with the enslavement of mask wearing. This is not about a virus with a 99% recovery rate.  ""This is about Power and Control"""
Neutral,conservative,@AndyOgles,"TEA calls for mask mandate in schools... Hey TEA how about you spend less time extorting teachers for dues and more time helping kids, and improving outcomes.  @philvalentine   @Name Hidden   @Name Hidden   @SteveDeace"
Neutral,conservative,@DukeLibertas,"Mass hysterias are the norm in history, not the exception. They usually involve a compelled ritual. These days it's masks to prove you're part of the ""good"" crowd that fears the big bad 'ro. In Restoration England, it was publicly rejecting Catholicism."
Neutral,conservative,@Im4him4ever,A doctor (I‚Äôm ashamed I don‚Äôt remember his name) said today that wearing a mask hoping to keep coronavirus out was like putting up a chain-linked fence around your house in an attempt to keep out mosquitoes.
Neutral,conservative,@BillyBarrell,"Masks don‚Äôt work. Lockdowns don‚Äôt work. They know it. #GreatReset is designed to cause economic ruin, using #Chinavirus and Democrats.  Resistance is not futile. Do not give in. Liberty is at stake. Wake up America!!"
Neutral,conservative,@BurkholderMedia,"""Is life so dear, or peace so sweet, as to be purchased at the price of chains and slavery? Forbid it, Almighty God! I know not what course others may take, but as for me: Give me liberty, or give me death!"" (Patrick Henry) #mask #liberty #FreedomMatters"
Neutral,conservative,@DiamondAndSilk,"Can someone please tell Dr. Flip Flop Falsie that we are adults & he doesn't pay any of our bills. BTW, how does he plan on stopping something that he said can't be eradicated? Maybe it's time for him to reveal the true agenda & stop hiding behind the mask."
Neutral,conservative,@DiamondAndSilk,"Can someone please tell Dr. Flip Flop Falsie that we are adults & he doesn't pay any of our bills. BTW, how does he plan on stopping something that he said can't be eradicated? Maybe it's time for him to reveal the true agenda & stop hiding behind the mask."
Neutral,conservative,@Clinton614,"Dr. Fauci believes the virus has now gone anal, so he recommends along with your mask, goggles and rubber gloves, please insert your finger into your ass to help slow the spread while in public or driving all alone down a country road. #clinton614"
Neutral,conservative,@DiamondAndSilk,"Can someone please tell Dr. Flip Flop Falsie that we are adults & he doesn't pay any of our bills. BTW, how does he plan on stopping something that he said can't be eradicated? Maybe it's time for him to reveal the true agenda & stop hiding behind the mask."
Neutral,conservative,@JohnHCox,"Conveniently it was the TOP lobbyist and executive from the California Medical Association - the organization representing California doctors - at this EXCLUSIVE Napa Valley dinner indoors, without masks, and with multiple households...and they want us to cancel Thanksgiving? No - they have lost the moral authority."
Neutral,conservative,@AZCowboyConstitutionalist,"Biden says the ‚ÄúONLY way you should be allowed to have Thanksgiving is if everyone wears masks, stays socially distanced, tests negative on the day before, and keeps it to no more than five or ten.‚Äù He says ‚Äúthe 2021 holidays will be this way if we DON'T listen to him.‚Äù Echo if you‚Äôre having a big good-ole -fashioned American Thanksgiving"
Neutral,conservative,@AZCowboyConstitutionalist,"Biden says the ‚ÄúONLY way you should be allowed to have Thanksgiving is if everyone wears masks, stays socially distanced, tests negative on the day before, and keeps it to no more than five or ten.‚Äù He says ‚Äúthe 2021 holidays will be this way if we DON'T listen to him.‚Äù Echo if you‚Äôre having a big good-ole -fashioned American Thanksgiving"
Neutral,conservative,@ColdHardTruth,"Bill Gates is full of it, plain and simple. Since when does being wealthy qualify you as an expert on anything, let alone health related issues?! Bill, it's not anti-mask sentiment, it's a rejection of junk science from so-called scientists, like Fauci, whose record is being wrong much more often than he has been right."
Neutral,conservative,@cystokyd,I see a lot of posts so people say I won't follow Biden Trump is the real president it all kinds of non-conformist talk yet these are the same people that wear masks social distance and obey every tyrannical rule their governess put in place so you will forgive me if I think you're all full of s***
Neutral,conservative,@JHrusky,"Are any of you that support the masking, the lockdowns, the stay at home orders OK with these oligarchs who are commanding you and your family what to do but enjoying life for themselves? Is that a country you want to live in? Do you consider yourself 2nd class citizens who must follow a different and more draconian set of rules than these power-hungry mongrels do? Newsome in California. Pelosi in California. Pritzker in Illinois. Lightfoot in Illinois. and countless others."
Neutral,conservative,@fubar4fun,"Now is the time to remove these fear mongers. 99% survival rate. Masking and social distancing prevents anyone from building immunity. Also makes immunity to common illnesses drop and makes the Health Care system the new power and a ""necessity"" to tax all citizens to support it. See the plan? This is the axe they want to use to execute you Freedom to live and thrive in the world. Don't fear them. Resist them."
Neutral,conservative,@Danette770,"No one could EVER convince me that Joe Biden received an historical record breaking number of Presidential votes (IN AMERICA'S HISTORY!! )  Biden has promised so many firsts >> ON DAY ONE >> face masks, ushering in Islam, teaching Islam in our schools, opening the borders to millions of illegals, taking away your guns and all gun rights, re-setting the Obama pact with Iran, sending our jobs off to China & elsewhere, defunding all police, shutting down border patrol & ICE and making all current illegals automatic American citizens, destroying your healthcare, obliterating your 401K, taxing citizens to death + much more. Basically assuring that America becomes the next 3rd world sh*thole and the rich like himself get richer on the backs of Americans."
Neutral,conservative,@Catsailor6969,"COVID? The purpose of any mass weapon is for the casualties it causes, to weaken it‚Äôs perpetrator‚Äôs opposition and give the perpetrators control.  History has many examples of those who desired world domination and conquest. They had their useful tools, who spread their covert wishes of oppression and power. All of them ultimately failed! Our President has shown that even the most at risk, initial casualties, can be treated and survive. ENOUGH of the use of your tools of oppression you leftist, socialist Democrats! We the People, WILL NOT comply and submit to you any longer! No longer will we be banished to our cells, no longer will we mask, no longer will we allow you to control us. Our contract to be governed DOES NOT give you that power! Civilly and disobediently, we will NOT go quietly into the darkness! Peacefully gather with family and friends, to be thankful for all that we have. What a humble and right thing THANKFULNESS IS! NO tyrants! We DO NOT submit! Make us."
Neutral,conservative,@carpedonktum,The media lost control of the COVID narrative when they whined about lack of PPE and overwhelmed hospitals while our social media feeds were filled with doctors and nurses dancing in empty hallways and wasting protective gear to trend on Tic Toc. They have been desperately trying to get the upper hand ever since. Never forget.
Neutral,conservative,@carpedonktum,The media lost control of the COVID narrative when they whined about lack of PPE and overwhelmed hospitals while our social media feeds were filled with doctors and nurses dancing in empty hallways and wasting protective gear to trend on Tic Toc. They have been desperately trying to get the upper hand ever since. Never forget.
Neutral,conservative,@carpedonktum,The media lost control of the COVID narrative when they whined about lack of PPE and overwhelmed hospitals while our social media feeds were filled with doctors and nurses dancing in empty hallways and wasting protective gear to trend on Tic Toc. They have been desperately trying to get the upper hand ever since. Never forget.
Neutral,conservative,@carpedonktum,The media lost control of the COVID narrative when they whined about lack of PPE and overwhelmed hospitals while our social media feeds were filled with doctors and nurses dancing in empty hallways and wasting protective gear to trend on Tic Toc. They have been desperately trying to get the upper hand ever since. Never forget.
Neutral,conservative,@carpedonktum,The media lost control of the COVID narrative when they whined about lack of PPE and overwhelmed hospitals while our social media feeds were filled with doctors and nurses dancing in empty hallways and wasting protective gear to trend on Tic Toc. They have been desperately trying to get the upper hand ever since. Never forget.
Neutral,conservative,@carpedonktum,The media lost control of the COVID narrative when they whined about lack of PPE and overwhelmed hospitals while our social media feeds were filled with doctors and nurses dancing in empty hallways and wasting protective gear to trend on Tic Toc. They have been desperately trying to get the upper hand ever since. Never forget.
Neutral,conservative,@carpedonktum,The media lost control of the COVID narrative when they whined about lack of PPE and overwhelmed hospitals while our social media feeds were filled with doctors and nurses dancing in empty hallways and wasting protective gear to trend on Tic Toc. They have been desperately trying to get the upper hand ever since. Never forget.
Neutral,conservative,@JimLin,‚ÄúShe‚Äôs 98. And the isolation and loneliness came over her in a river of tears at my visit. Not able to see her son or daughter for 6 weeks. She wants to die. Because at 98 the waiting is too much. I offered to FaceTime her son. She cried more. She wanted a real hug. I in my PPE said enough. I too bent over into her arms she wrapped so tight around me. I broke the rule. I hugged her till she could breathe. We both had a healing. I‚Äôd do it again. Love matters most. The older folks in long term care haven‚Äôt been touched or hugged. It‚Äôs causing failure to thrive. Hugs are a necessary part of living. ‚Äú - shared from a nurse
Negative,conservative,@GrammyTammy10,Covid 19 is like eating raw cookie dough... We know the risks Now let us live our lives!
Negative,conservative,@Dw27238,"We all know the risks...!! we can't stop living in case we might get sick... if we get sick we get sick... if we die, we die...we all gonna die from something eventually... live for today..whatever happens tomorrow will happen tomorrow... GOD IS IN CONTROL...!!!! THIS IS WHAT HAVING FAITH IS ALL ABOUT...!! Would Jesus social distance from you...?? Jesus healed a leper by touching him... when its our time its our time.. take back your life and live for today...!!!"
Positive,conservative,@CandyHansard,"Once I found out vaccines used tissues from murdered babies, I stopped getting  vaccinated. I can't knowingly be part of that EVIL."
Positive,conservative,@Bigdubya,"US Could Be ""Close To Normal"" By Fall 2021 If 75% Of Americans Get Vaccinated, Dr. Fauci Says: Live Updates - Home-Tricks They can stick there vaccine up there ass."
Positive,conservative,@AlexandraSasha,"For nine months now people have been holding their tongues afraid to call out this Covid situation for what it truly is - a scam and a Trojan Horse for a Socialist Technocracy. Is it just a ‚Äúconspiracy theory‚Äù if the United Nations and our political leaders are openly saying what their plans are?  They don‚Äôt want private businesses, they don‚Äôt want you to have any private property, they want to implement Universal Basic Income and other Socialist policies - and they want everyone vaccinated with the Bill Gates mRNA vaccine more than once.  How are people so passive about this? Sheep being lead to the slaughter house - and dragging all the smart people with them through their willful ignorance and cognitive dissonance."
Positive,conservative,@deplorabledosh,This is what your masks have done you stupid sheep. I told yall that the mask is the first step to the star of David. Our star of David will be an app or tattoo or paperwork saying we have been vaccinated or tested. The result will be the same...concentration camps and starving those who don't comply. KEEP WEARING THE MASKS YOU IDIOTS...THEY LITERALLY DO NOTHING TO STOP COVID.
Neutral,conservative,@Baxbeez,"Rockerfella, pandemic, vaccination and war--history repeats."
Neutral,conservative,@Carmen4Truth,Forced Vaccination Law in Denmark Abandoned After Public Protests
